URL,Course,Degree,University,Tuition Fee,City,Country,Duration
https://www.mastersportal.com/studies/295853/global-and-international-management.html?ref=recommendations&page=search&type=carousel&position=2&score=0.0022284,Global and International ManagementGlobal and International ManagementSwiss School Of Business and Management,N/A,,"1,215,781 NPR / year",Genève,Switzerland,1 year
https://www.mastersportal.com/studies/251762/applied-neuroscience.html?ref=recommendations&page=search&type=carousel&position=1&score=0.0023027,Applied Neuroscience (Online)King's College London,N/A,,"364,667 NPR / module",London,United Kingdom,2 years
https://www.mastersportal.com/studies/282899/sustainable-development.html?ref=recommendations&page=search&type=carousel&position=6&score=0.0016982,Sustainable Development (Online)University of Sussex Online,N/A,,"1,296,237 NPR / year",Brighton,United Kingdom,2 years
https://www.mastersportal.com/studies/34345/sustainable-cities.html?ref=recommendations&page=search&type=carousel&position=7&score=0.0022407,Sustainable CitiesAalborg University,N/A,,"2,664,297 NPR / year",Copenhagen,Denmark,2 years
https://www.mastersportal.com/studies/134522/management-in-sustainable-business.html?ref=recommendations&page=search&type=carousel&position=4&score=0.0017964,Management in Sustainable Business (Online)Häme University of Applied Sciences,N/A,,"2,032,091 NPR / year",Hämeenlinna,Finland,1½ years
https://www.mastersportal.com/studies/291983/sustainable-urban-mobility-transitions.html?ref=recommendations&page=search&type=carousel&position=3&score=0.002064,Sustainable Urban Mobility TransitionsEIT Urban Mobility Master School,Master,,"2,778,928 NPR / year",Helsinki,Finland,2 years
https://www.mastersportal.com/studies/154566/euro-mediterranean-master-of-neuroscience.html?ref=recommendations&page=search&type=carousel&position=5&score=0.0017286,Euro-Mediterranean Master of NeuroscienceUniversity of Bordeaux,Master,,"684,485 NPR / year",Bordeaux,France,2 years
https://www.mastersportal.com/studies/68117/master-of-business-administration.html?ref=recommendations&page=search&type=carousel&position=8&score=0.0021566,Master of Business AdministrationUniversity Canada West,Master,,"2,505,888 NPR / year",Vancouver,Canada,2 years
https://www.bachelorsportal.com/studies/180726/cardiovascular-technology.html?ref=search_card,Cardiovascular TechnologyCardiovascular TechnologyManipal Academy of Higher Education,N/A,Provided by university,"880,488 NPR / year",Manipal,India,4 years
https://www.bachelorsportal.com/studies/425902/undergraduate-foundation-programme-business-economics-finance-and-management.html?ref=search_card,"Undergraduate Foundation Programme - Business, Economics, Finance and ManagementUndergraduate Foundation Programme - Business, Economics, Finance and ManagementRoyal Holloway University of London",N/A,,"4,488,822 NPR / full",London,United Kingdom,9 months
https://www.bachelorsportal.com/studies/452687/global-law-university-of-london-international-foundation-programme.html?ref=search_card,"Global Law - University of London International Foundation ProgrammeGlobal Law - University of London International Foundation ProgrammeGoldsmiths, University of London",N/A,,"4,734,867 NPR / full",London,United Kingdom,9 months
https://www.bachelorsportal.com/studies/455158/anthropology.html?ref=search_card,AnthropologyAnthropologyUniversity of Canterbury,N/A,Provided by university,"3,018,548 NPR / year",Christchurch,New Zealand,3 years
https://www.bachelorsportal.com/studies/429238/management-with-marketing-international-year-one.html?ref=search_card,Management with Marketing (Year in Business) - International Year OneManagement with Marketing (Year in Business) - International Year OneRoyal Holloway University of London,N/A,,"4,488,822 NPR / full",London,United Kingdom,9 months
https://www.bachelorsportal.com/studies/303262/arts-and-humanities-undergraduate-foundation-programme.html?ref=search_card,"Arts and Humanities - Undergraduate Foundation ProgrammeArts and Humanities - Undergraduate Foundation ProgrammeBirkbeck, University of London",N/A,,"4,734,867 NPR / full",London,United Kingdom,9 months
https://www.bachelorsportal.com/studies/303361/quantity-surveying-undergraduate-foundation-programme.html?ref=search_card,Quantity Surveying - Undergraduate Foundation ProgrammeQuantity Surveying - Undergraduate Foundation ProgrammeThe University of Lancashire,N/A,Provided by university,"3,912,716 NPR / full",Preston,United Kingdom,9 months
https://www.bachelorsportal.com/studies/473353/industrial-arts-and-design-practices.html?ref=search_card,Industrial Arts and Design PracticesIndustrial Arts and Design PracticesManipal Academy of Higher Education,N/A,Provided by university,"1,855,449 NPR / year",Manipal,India,4 years
https://www.bachelorsportal.com/studies/284882/architecture-undergraduate-foundation-programme.html?ref=search_card,Architecture - Undergraduate Foundation ProgrammeArchitecture - Undergraduate Foundation ProgrammeThe University of Lancashire,N/A,Provided by university,"3,912,716 NPR / full",Preston,United Kingdom,9 months
https://www.bachelorsportal.com/studies/474497/medical-imaging-technology.html?ref=search_card,Medical Imaging TechnologyMedical Imaging TechnologyManipal Academy of Higher Education,N/A,Provided by university,"676,426 NPR / year",Manipal,India,4 years
https://www.bachelorsportal.com/studies/426704/undergraduate-foundation-programme-humanities-and-social-sciences.html?ref=search_card,Undergraduate Foundation Programme - Humanities and Social SciencesUndergraduate Foundation Programme - Humanities and Social SciencesRoyal Holloway University of London,N/A,,"4,488,822 NPR / full",London,United Kingdom,9 months
https://www.bachelorsportal.com/studies/455288/performance-data-analysis.html?ref=search_card,Performance Data AnalysisPerformance Data AnalysisUniversity of Canterbury,N/A,Provided by university,"3,093,839 NPR / year",Christchurch,New Zealand,3 years
https://www.bachelorsportal.com/studies/465397/computer-science.html?ref=search_card,Computer ScienceCa' Foscari University of Venice,N/A,,"364,734 NPR / year",Mestre,Italy,"2 years, 2 months"
https://www.bachelorsportal.com/studies/452550/creative-computing-undergraduate-foundation-programme.html?ref=search_card,Creative Computing - Undergraduate Foundation ProgrammeCreative Computing - Undergraduate Foundation ProgrammeQueen Mary University of London,N/A,Provided by university,"4,596,842 NPR / full",London,United Kingdom,9 months
https://www.bachelorsportal.com/studies/492325/geo-informatics.html?ref=search_card,Geo-Informatics (Honours - Honours with Research)Amity University Noida,N/A,,"310,983 NPR / year",Noida,India,4 years
https://www.bachelorsportal.com/studies/452610/pharmaceutical-chemistry-with-a-year-abroad-undergraduate-foundation-programme.html?ref=search_card,Pharmaceutical Chemistry with a Year Abroad - Undergraduate Foundation ProgrammePharmaceutical Chemistry with a Year Abroad - Undergraduate Foundation ProgrammeQueen Mary University of London,N/A,Provided by university,"4,596,842 NPR / full",London,United Kingdom,9 months
https://www.bachelorsportal.com/studies/493311/public-administration.html?ref=search_card,Public Administration (Honours)Amity University Noida,N/A,,"344,473 NPR / year",Noida,India,3 years
https://www.bachelorsportal.com/studies/98153/mechanical-engineering-technology.html?ref=search_card,Mechanical Engineering TechnologyMechanical Engineering TechnologyThe University of Maine,N/A,,"5,573,148 NPR / year",Orono,United States,4 years
https://www.bachelorsportal.com/studies/490474/computer-science-and-engineering-3-continent.html?ref=search_card,Computer Science and Engineering - 3 ContinentAmity University Noida,N/A,,"1,105,184 NPR / year",Noida,India,4 years
https://www.bachelorsportal.com/studies/97172/industrial-engineering.html?ref=search_card,Industrial EngineeringIndustrial EngineeringToronto Metropolitan University,N/A,Provided by university,"4,590,231 NPR / year",Toronto,Canada,4 years
https://www.bachelorsportal.com/studies/455297/screen-sound.html?ref=search_card,Screen Sound (Hons)Screen Sound (Hons)University of Canterbury,N/A,Provided by university,"4,184,255 NPR / year",Christchurch,New Zealand,4 years
https://www.bachelorsportal.com/studies/426983/computer-science-undergraduate-foundation-programme.html?ref=search_card,Computer Science (Artificial Intelligence) - Undergraduate Foundation ProgrammeComputer Science (Artificial Intelligence) - Undergraduate Foundation ProgrammeRoyal Holloway University of London,N/A,,"4,596,842 NPR / full",London,United Kingdom,9 months
https://www.bachelorsportal.com/studies/452686/english-and-european-law-university-of-london-international-foundation-programme.html?ref=search_card,"English and European Law - University of London International Foundation ProgrammeEnglish and European Law - University of London International Foundation ProgrammeGoldsmiths, University of London",N/A,,"4,734,867 NPR / full",London,United Kingdom,9 months
https://www.bachelorsportal.com/studies/474399/civil-engineering.html?ref=search_card,Civil EngineeringCivil EngineeringManipal Academy of Higher Education,N/A,,"1,700,513 NPR / year",Dubai,United Arab Emirates,4 years
https://www.bachelorsportal.com/studies/463549/bachelor-of-arts.html?ref=search_card,Bachelor of ArtsBachelor of ArtsManipal Academy of Higher Education,Bachelor,Provided by university,"838,920 NPR / year",Manipal,India,4 years
https://www.bachelorsportal.com/studies/492485/defence-and-strategic-studies.html?ref=search_card,Defence and Strategic Studies (Honours - Honours with Research)Amity University Noida,N/A,,"344,473 NPR / year",Noida,India,4 years
https://www.bachelorsportal.com/studies/338032/media-and-communications.html?ref=search_card,Media and CommunicationsThe University of Sydney,N/A,Provided by university,"5,431,357 NPR / year",Sydney,Australia,3 years
https://www.bachelorsportal.com/studies/492449/computer-science-and-engineering.html?ref=search_card,Computer Science and Engineering (Data Science)Amity University Noida,N/A,,"1,047,772 NPR / year",Noida,India,4 years
https://www.bachelorsportal.com/studies/452577/physics-with-particle-physics-undergraduate-foundation-programme.html?ref=search_card,Physics with Particle Physics - Undergraduate Foundation ProgrammePhysics with Particle Physics - Undergraduate Foundation ProgrammeQueen Mary University of London,N/A,Provided by university,"4,596,842 NPR / full",London,United Kingdom,9 months
https://www.bachelorsportal.com/studies/103373/sociology.html?ref=search_card,SociologySociologyUniversity of Canterbury,N/A,Provided by university,"3,018,548 NPR / year",Christchurch,New Zealand,3 years
https://www.bachelorsportal.com/studies/495464/international-year-one.html?ref=search_card,International Year OneAsian Institute of Hospitality and Management (AIHM),N/A,,"1,786,935 NPR / year",Bangkok,Thailand,1 year
https://www.bachelorsportal.com/studies/427003/mathematics-undergraduate-foundation-programme.html?ref=search_card,Mathematics - Undergraduate Foundation ProgrammeMathematics - Undergraduate Foundation ProgrammeRoyal Holloway University of London,N/A,,"4,596,842 NPR / full",London,United Kingdom,9 months
https://www.bachelorsportal.com/studies/320007/data-science.html?ref=search_card,Data ScienceData ScienceUniversity of Canterbury,N/A,Provided by university,"3,641,643 NPR / year",Christchurch,New Zealand,3 years
https://www.bachelorsportal.com/studies/492500/game-design-and-development.html?ref=search_card,Game Design and Development (Honours - Honours with Research)Amity University Noida,N/A,,"401,885 NPR / year",Noida,India,4 years
https://www.bachelorsportal.com/studies/103671/astronomy.html?ref=search_card,AstronomyAstronomyUniversity of Canterbury,N/A,Provided by university,"3,728,184 NPR / year",Christchurch,New Zealand,3 years
https://www.bachelorsportal.com/studies/303319/marketing-international-year-one.html?ref=search_card,"Marketing - International Year OneMarketing - International Year OneBirkbeck, University of London",N/A,,"4,626,847 NPR / full",London,United Kingdom,9 months
https://www.bachelorsportal.com/studies/487986/undergraduate-foundation-programme.html?ref=search_card,Undergraduate Foundation ProgrammeUndergraduate Foundation ProgrammeRoyal Veterinary College,N/A,,"4,596,842 NPR / full",London,United Kingdom,9 months
https://www.bachelorsportal.com/studies/425320/international-relations-undergraduate-foundation-programme.html?ref=search_card,"International Relations - Undergraduate Foundation ProgrammeInternational Relations - Undergraduate Foundation ProgrammeGoldsmiths, University of London",N/A,,"4,488,822 NPR / full",London,United Kingdom,9 months
https://www.bachelorsportal.com/studies/304931/digital-finance-and-fintech.html?ref=search_card,Digital Finance and FinTechGBSB Global Business School,N/A,,"2,414,194 NPR / year",Birkirkara,Malta,3 years
https://www.bachelorsportal.com/studies/97019/graphic-communications-management.html?ref=search_card,Graphic Communications ManagementGraphic Communications ManagementToronto Metropolitan University,N/A,Provided by university,"4,041,582 NPR / year",Toronto,Canada,4 years
https://www.bachelorsportal.com/studies/482324/artificial-intelligence-for-business.html?ref=search_card,Artificial Intelligence for BusinessGBSB Global Business School,N/A,,"2,414,194 NPR / year",Birkirkara,Malta,3 years
https://www.bachelorsportal.com/studies/422414/medicine-undergraduate-foundation-programme.html?ref=search_card,Medicine - Undergraduate Foundation ProgrammeMedicine - Undergraduate Foundation ProgrammeRoyal College of Surgeons in Ireland,N/A,,"3,912,716 NPR / full",Dublin,Ireland,9 months
https://www.bachelorsportal.com/studies/422230/occupational-therapy-undergraduate-foundation-programme.html?ref=search_card,Occupational Therapy - Undergraduate Foundation ProgrammeOccupational Therapy - Undergraduate Foundation ProgrammeThe University of Lancashire,N/A,Provided by university,"3,912,716 NPR / full",Preston,United Kingdom,9 months
https://www.bachelorsportal.com/studies/97186/economics-and-finance.html?ref=search_card,Economics and Finance (Hons)Economics and Finance (Hons)Toronto Metropolitan University,N/A,Provided by university,"4,003,201 NPR / year",Toronto,Canada,4 years
https://www.bachelorsportal.com/studies/96884/creative-industries.html?ref=search_card,Creative IndustriesCreative IndustriesToronto Metropolitan University,N/A,Provided by university,"4,006,136 NPR / year",Toronto,Canada,4 years
https://www.bachelorsportal.com/studies/455185/international-affairs.html?ref=search_card,International AffairsInternational AffairsUniversity of Canterbury,N/A,Provided by university,"3,018,548 NPR / year",Christchurch,New Zealand,3 years
https://www.bachelorsportal.com/studies/491750/undergraduate-foundation-programme.html?ref=search_card,Undergraduate Foundation ProgrammeUndergraduate Foundation ProgrammeThe University of Lancashire,N/A,Provided by university,"3,498,641 NPR / full",Preston,United Kingdom,9 months
https://www.bachelorsportal.com/studies/103118/european-and-european-union-studies.html?ref=search_card,European and European Union StudiesEuropean and European Union StudiesUniversity of Canterbury,N/A,Provided by university,"3,018,548 NPR / year",Christchurch,New Zealand,3 years
https://www.bachelorsportal.com/studies/422401/undergraduate-foundation-programme-life-sciences.html?ref=search_card,Undergraduate Foundation Programme – Life SciencesUndergraduate Foundation Programme – Life SciencesRoyal College of Surgeons in Ireland,N/A,,"3,912,716 NPR / full",Dublin,Ireland,9 months
https://www.bachelorsportal.com/studies/488225/aerospace-engineering.html?ref=search_card,Aerospace Engineering (Honours)Aerospace Engineering (Honours)Newcastle University,N/A,Provided by university,"6,141,124 NPR / year",Newcastle upon Tyne,United Kingdom,3 years
https://www.bachelorsportal.com/studies/493307/political-science-with-research.html?ref=search_card,Political Science with Research (Honours)Amity University Noida,N/A,,"502,356 NPR / year",Noida,India,4 years
https://www.bachelorsportal.com/studies/292108/digital-communications-and-pr.html?ref=search_card,Digital Communications and PRGBSB Global Business School,N/A,,"2,414,194 NPR / year",Barcelona,Spain,3 years
https://www.bachelorsportal.com/studies/21022/visual-effects-and-motion-graphics.html?ref=search_card,Visual Effects and Motion GraphicsVisual Effects and Motion GraphicsBrunel University of London,N/A,Provided by university,"4,959,908 NPR / year",London,United Kingdom,3 years
https://www.bachelorsportal.com/studies/320056/performance.html?ref=search_card,PerformancePerformanceUniversity of Canterbury,N/A,Provided by university,"3,418,367 NPR / year",Christchurch,New Zealand,3 years
https://www.bachelorsportal.com/studies/180771/fashion-design.html?ref=search_card,Fashion DesignFashion DesignManipal Academy of Higher Education,N/A,Provided by university,"597,069 NPR / year",Manipal,India,4 years
https://www.bachelorsportal.com/studies/303246/economics-and-business-undergraduate-foundation-programme.html?ref=search_card,"Economics and Business - Undergraduate Foundation ProgrammeEconomics and Business - Undergraduate Foundation ProgrammeBirkbeck, University of London",N/A,,"4,626,847 NPR / full",London,United Kingdom,9 months
https://www.bachelorsportal.com/studies/490060/creative-writing-and-english-undergraduate-foundation-programme.html?ref=search_card,"Creative Writing and English - Undergraduate Foundation ProgrammeCreative Writing and English - Undergraduate Foundation ProgrammeBirkbeck, University of London",N/A,,"4,626,847 NPR / full",London,United Kingdom,9 months
https://www.bachelorsportal.com/studies/492274/computer-science-for-cybersecurity-undergraduate-foundation-programme.html?ref=search_card,www.bachelorsportal.com,Bachelor,N/A,N/A,N/A,N/A,N/A
https://www.bachelorsportal.com/studies/137844/psychology.html?ref=search_card,PsychologyPsychologyTrent University,N/A,,"3,587,311 NPR / year",Peterborough,Canada,4 years
https://www.bachelorsportal.com/studies/462717/human-resource-management.html?ref=search_card,Human Resource ManagementHuman Resource ManagementManipal Academy of Higher Education,N/A,Provided by university,"856,454 NPR / year",Manipal,India,3 years
https://www.bachelorsportal.com/studies/455161/biosecurity.html?ref=search_card,BiosecurityBiosecurityUniversity of Canterbury,N/A,Provided by university,"3,641,643 NPR / year",Christchurch,New Zealand,3 years
https://www.bachelorsportal.com/studies/103830/bachelor-of-applied-science.html?ref=search_card,Bachelor of Applied Science (Architectural Science)Bachelor of Applied Science (Architectural Science)Curtin University,Bachelor,Provided by university,"4,012,583 NPR / year",Perth,Australia,3 years
https://www.bachelorsportal.com/studies/426710/economics-undergraduate-foundation-programme.html?ref=search_card,Economics - Undergraduate Foundation ProgrammeEconomics - Undergraduate Foundation ProgrammeRoyal Holloway University of London,N/A,,"4,488,822 NPR / full",London,United Kingdom,9 months
https://www.bachelorsportal.com/studies/474547/respiratory-therapy.html?ref=search_card,Respiratory TherapyRespiratory TherapyManipal Academy of Higher Education,N/A,Provided by university,"744,447 NPR / year",Manipal,India,4 years
https://www.bachelorsportal.com/studies/484768/biotechnology-international.html?ref=search_card,Biotechnology (Honours) - InternationalAmity University Noida,N/A,,"921,784 NPR / year",Noida,India,3 years
https://www.bachelorsportal.com/studies/455159/biomedical-engineering.html?ref=search_card,Biomedical Engineering (Hons)Biomedical Engineering (Hons)University of Canterbury,N/A,Provided by university,"4,106,368 NPR / year",Christchurch,New Zealand,4 years
https://www.bachelorsportal.com/studies/320040/industrial-product-design.html?ref=search_card,Industrial Product DesignIndustrial Product DesignUniversity of Canterbury,N/A,Provided by university,"3,906,458 NPR / year",Christchurch,New Zealand,3 years
https://www.bachelorsportal.com/studies/425881/psychology-with-cognitive-neuroscience-undergraduate-foundation-programme.html?ref=search_card,"Psychology with Cognitive Neuroscience - Undergraduate Foundation ProgrammePsychology with Cognitive Neuroscience - Undergraduate Foundation ProgrammeGoldsmiths, University of London",N/A,,"4,596,842 NPR / full",London,United Kingdom,9 months
https://www.bachelorsportal.com/studies/490088/entrepreneurship-and-innovation-undergraduate-foundation-programme.html?ref=search_card,"Entrepreneurship and Innovation - Undergraduate Foundation ProgrammeEntrepreneurship and Innovation - Undergraduate Foundation ProgrammeBirkbeck, University of London",N/A,,"4,626,847 NPR / full",London,United Kingdom,9 months
https://www.bachelorsportal.com/studies/284941/mathematics-undergraduate-foundation-programme.html?ref=search_card,Mathematics - Undergraduate Foundation ProgrammeMathematics - Undergraduate Foundation ProgrammeThe University of Lancashire,N/A,Provided by university,"3,912,716 NPR / full",Preston,United Kingdom,9 months
https://www.bachelorsportal.com/studies/452679/global-law-university-of-london-international-foundation-programme.html?ref=search_card,"Global Law - University of London International Foundation ProgrammeGlobal Law - University of London International Foundation ProgrammeBirkbeck, University of London",N/A,,"4,734,867 NPR / full",London,United Kingdom,9 months
https://www.bachelorsportal.com/studies/425108/economics-with-marketing-undergraduate-foundation-programme.html?ref=search_card,"Economics with Marketing - Undergraduate Foundation ProgrammeEconomics with Marketing - Undergraduate Foundation ProgrammeGoldsmiths, University of London",N/A,,"4,488,822 NPR / full",London,United Kingdom,9 months
https://www.bachelorsportal.com/studies/103094/english.html?ref=search_card,EnglishEnglishUniversity of Canterbury,N/A,Provided by university,"3,018,548 NPR / year",Christchurch,New Zealand,3 years
https://www.bachelorsportal.com/studies/452593/physics-with-astrophysics-undergraduate-foundation-programme.html?ref=search_card,Physics with Astrophysics - Undergraduate Foundation ProgrammePhysics with Astrophysics - Undergraduate Foundation ProgrammeQueen Mary University of London,N/A,Provided by university,"4,596,842 NPR / full",London,United Kingdom,9 months
https://www.bachelorsportal.com/studies/96810/arts-and-contemporary-studies.html?ref=search_card,Arts and Contemporary Studies (Hons)Arts and Contemporary Studies (Hons)Toronto Metropolitan University,N/A,Provided by university,"4,003,201 NPR / year",Toronto,Canada,4 years
https://www.bachelorsportal.com/studies/473366/digital-media-arts.html?ref=search_card,Digital Media ArtsDigital Media ArtsManipal Academy of Higher Education,N/A,Provided by university,"1,855,449 NPR / year",Manipal,India,4 years
https://www.bachelorsportal.com/studies/428498/zoology-undergraduate-foundation-programme.html?ref=search_card,Zoology - Undergraduate Foundation ProgrammeZoology - Undergraduate Foundation ProgrammeRoyal Holloway University of London,N/A,,"4,596,842 NPR / full",London,United Kingdom,9 months
https://www.bachelorsportal.com/studies/426763/management-with-human-resources-undergraduate-foundation-programme.html?ref=search_card,Management with Human Resources - Undergraduate Foundation ProgrammeManagement with Human Resources - Undergraduate Foundation ProgrammeRoyal Holloway University of London,N/A,,"4,488,822 NPR / full",London,United Kingdom,9 months
https://www.bachelorsportal.com/studies/455162/business-analytics.html?ref=search_card,Business AnalyticsBusiness AnalyticsUniversity of Canterbury,N/A,Provided by university,"3,641,643 NPR / year",Christchurch,New Zealand,3 years
https://www.bachelorsportal.com/studies/491752/veterinary-medicine-medicine-undergraduate-foundation-programme.html?ref=search_card,Veterinary Medicine - Medicine Undergraduate Foundation ProgrammeVeterinary Medicine - Medicine Undergraduate Foundation ProgrammeUniversity of Nicosia,N/A,,"5,791,060 NPR / full",Nicosia,Cyprus,9 months
https://www.bachelorsportal.com/studies/303247/financial-economics-undergraduate-foundation-programme.html?ref=search_card,"Financial Economics - Undergraduate Foundation ProgrammeFinancial Economics - Undergraduate Foundation ProgrammeBirkbeck, University of London",N/A,,"4,626,847 NPR / full",London,United Kingdom,9 months
https://www.bachelorsportal.com/studies/441771/international-business.html?ref=search_card,International Business (Hons)International Business (Hons)Kingston University,N/A,Provided by university,"3,700,678 NPR / year",London,United Kingdom,3 years
https://www.bachelorsportal.com/studies/303403/tesol-and-modern-languages-undergraduate-foundation-programme.html?ref=search_card,TESOL and Modern Languages - Undergraduate Foundation ProgrammeTESOL and Modern Languages - Undergraduate Foundation ProgrammeThe University of Lancashire,N/A,Provided by university,"3,498,641 NPR / full",Preston,United Kingdom,9 months
https://www.bachelorsportal.com/studies/490034/environmental-geoscience-undergraduate-foundation-programme.html?ref=search_card,"Environmental Geoscience - Undergraduate Foundation ProgrammeEnvironmental Geoscience - Undergraduate Foundation ProgrammeBirkbeck, University of London",N/A,,"4,734,867 NPR / full",London,United Kingdom,9 months
https://www.bachelorsportal.com/studies/491849/actuarial-science-with-research.html?ref=search_card,Actuarial Science with Research (Honours)Amity University Noida,N/A,,"330,120 NPR / year",Noida,India,4 years
https://www.bachelorsportal.com/studies/490095/health-and-social-care-and-management-undergraduate-foundation-programme.html?ref=search_card,"Health and Social Care and Management - Undergraduate Foundation ProgrammeHealth and Social Care and Management - Undergraduate Foundation ProgrammeBirkbeck, University of London",N/A,,"4,626,847 NPR / full",London,United Kingdom,9 months
https://www.bachelorsportal.com/studies/180870/information-technology.html?ref=search_card,Information TechnologyInformation TechnologyManipal Academy of Higher Education,N/A,Provided by university,"7,829,918 NPR / year",Bangalore,India,4 years
https://www.bachelorsportal.com/studies/452603/chemistry-undergraduate-foundation-programme.html?ref=search_card,Chemistry - Undergraduate Foundation ProgrammeChemistry - Undergraduate Foundation ProgrammeQueen Mary University of London,N/A,Provided by university,"4,596,842 NPR / full",London,United Kingdom,9 months
https://www.bachelorsportal.com/studies/484767/biotechnology-international.html?ref=search_card,Biotechnology - InternationalAmity University Noida,N/A,,"921,784 NPR / year",Noida,India,4 years
https://www.bachelorsportal.com/studies/417359/accounting-and-finance.html?ref=search_card,Accounting and Finance (Honours)Accounting and Finance (Honours)Bangor University,N/A,,"3,800,696 NPR / year",Changsha,China,3 years
https://www.bachelorsportal.com/studies/103149/german.html?ref=search_card,GermanGermanUniversity of Canterbury,N/A,Provided by university,"3,018,548 NPR / year",Christchurch,New Zealand,3 years
https://www.bachelorsportal.com/studies/491729/geography-undergraduate-foundation-programme.html?ref=search_card,Geography - Undergraduate Foundation ProgrammeGeography - Undergraduate Foundation ProgrammeThe University of Lancashire,N/A,Provided by university,"3,498,641 NPR / full",Preston,United Kingdom,9 months
https://www.bachelorsportal.com/studies/419085/liberal-arts-and-english.html?ref=search_card,Liberal Arts and EnglishThe Hebrew University of Jerusalem,N/A,Provided by university,"2,342,929 NPR / year",Jerusalem,Israel,3 years
https://www.bachelorsportal.com/studies/320013/forest-engineering.html?ref=search_card,Forest Engineering (Hons)Forest Engineering (Hons)University of Canterbury,N/A,Provided by university,"4,106,368 NPR / year",Christchurch,New Zealand,4 years
https://www.bachelorsportal.com/studies/390755/hnd-international-level-3-extended-diploma-in-information-technology.html?ref=search_card,HND International Level 3 Extended Diploma in Information TechnologyGlobal Business Studies Dubai,Master,,"1,646,362 NPR / year",Dubai,United Arab Emirates,1 year
https://www.bachelorsportal.com/studies/491757/undergraduate-foundation-programme.html?ref=search_card,Undergraduate Foundation ProgrammeUndergraduate Foundation ProgrammeRoyal College of Surgeons in Ireland,N/A,,"3,397,239 NPR / full",Dublin,Ireland,9 months
https://www.bachelorsportal.com/studies/219280/business-administration.html?ref=search_card,Business AdministrationBusiness AdministrationColorado State University,N/A,Provided by university,"5,458,723 NPR / year",Fort Collins,United States,4 years
https://www.bachelorsportal.com/studies/490086/english-and-language-undergraduate-foundation-programme.html?ref=search_card,"English and Language (French, German, Italian, Japanese, Korean, Spanish) - Undergraduate Foundation ProgrammeEnglish and Language (French, German, Italian, Japanese, Korean, Spanish) - Undergraduate Foundation ProgrammeBirkbeck, University of London",N/A,,"4,626,847 NPR / full",London,United Kingdom,9 months
https://www.bachelorsportal.com/studies/463476/optometry.html?ref=search_card,OptometryOptometryManipal Academy of Higher Education,N/A,Provided by university,"676,426 NPR / year",Manipal,India,4 years
https://www.bachelorsportal.com/studies/430107/undergraduate-foundation-programme-life-sciences.html?ref=search_card,Undergraduate Foundation Programme - Life SciencesUndergraduate Foundation Programme - Life SciencesRoyal Veterinary College,N/A,,"4,596,842 NPR / full",London,United Kingdom,9 months
https://www.bachelorsportal.com/studies/455305/strength-and-conditioning.html?ref=search_card,Strength and ConditioningStrength and ConditioningUniversity of Canterbury,N/A,Provided by university,"3,093,839 NPR / year",Christchurch,New Zealand,3 years
https://www.bachelorsportal.com/studies/320103/software-engineering.html?ref=search_card,Software Engineering (Hons)Software Engineering (Hons)University of Canterbury,N/A,Provided by university,"4,106,368 NPR / year",Christchurch,New Zealand,4 years
https://www.bachelorsportal.com/studies/303326/interior-design-undergraduate-foundation-programme.html?ref=search_card,Interior Design - Undergraduate Foundation ProgrammeInterior Design - Undergraduate Foundation ProgrammeThe University of Lancashire,N/A,Provided by university,"3,498,641 NPR / full",Preston,United Kingdom,9 months
https://www.bachelorsportal.com/studies/473360/digital-media-production.html?ref=search_card,Digital Media ProductionDigital Media ProductionManipal Academy of Higher Education,N/A,Provided by university,"842,699 NPR / year",Manipal,India,4 years
https://www.bachelorsportal.com/studies/320125/psychology.html?ref=search_card,PsychologyPsychologyUniversity of Canterbury,N/A,Provided by university,"3,728,184 NPR / year",Christchurch,New Zealand,3 years
https://www.bachelorsportal.com/studies/490094/health-and-social-care-undergraduate-foundation-programme.html?ref=search_card,"Health and Social Care - Undergraduate Foundation ProgrammeHealth and Social Care - Undergraduate Foundation ProgrammeBirkbeck, University of London",N/A,,"4,626,847 NPR / full",London,United Kingdom,9 months
https://www.bachelorsportal.com/studies/103361/political-science-and-international-relations.html?ref=search_card,Political Science and International RelationsPolitical Science and International RelationsUniversity of Canterbury,N/A,Provided by university,"3,018,548 NPR / year",Christchurch,New Zealand,3 years
https://www.bachelorsportal.com/studies/390753/hnd-in-digital-technologies-solutions-and-applications.html?ref=search_card,HND in Digital Technologies (Artificial Intelligence (AI) Solutions and Applications)Global Business Studies Dubai,N/A,,"1,646,362 NPR / year",Dubai,United Arab Emirates,2 years
https://www.bachelorsportal.com/studies/320106/spatial-data-science.html?ref=search_card,Spatial Data ScienceSpatial Data ScienceUniversity of Canterbury,N/A,Provided by university,"3,641,643 NPR / year",Christchurch,New Zealand,3 years
https://www.bachelorsportal.com/studies/490091/film-media-and-language-undergraduate-foundation-programme.html?ref=search_card,"Film Media and Language (French, German, Italian, Japanese, Korean, Spanish) - Undergraduate Foundation ProgrammeFilm Media and Language (French, German, Italian, Japanese, Korean, Spanish) - Undergraduate Foundation ProgrammeBirkbeck, University of London",N/A,,"4,626,847 NPR / full",London,United Kingdom,9 months
https://www.bachelorsportal.com/studies/492467/mechanical-engineering.html?ref=search_card,Mechanical EngineeringAmity University Noida,N/A,,"746,358 NPR / year",Noida,India,4 years
https://www.bachelorsportal.com/studies/180710/perfusion-technology.html?ref=search_card,Perfusion TechnologyPerfusion TechnologyManipal Academy of Higher Education,N/A,Provided by university,"585,732 NPR / year",Manipal,India,4 years
https://www.bachelorsportal.com/studies/286200/fitness-and-health-promotion.html?ref=search_card,Fitness and Health PromotionFitness and Health PromotionHumber Polytechnic,N/A,Provided by university,"2,011,277 NPR / year",Toronto,Canada,2 years
https://www.bachelorsportal.com/studies/313556/business-management.html?ref=search_card,Business ManagementBusiness ManagementToronto Metropolitan University,N/A,Provided by university,"4,600,995 NPR / year",Toronto,Canada,4 years
https://www.bachelorsportal.com/studies/306675/interior-design.html?ref=search_card,Interior Design (Honours)Interior Design (Honours)Conestoga College,N/A,,"1,651,818 NPR / year",Cambridge,Canada,4 years
https://www.bachelorsportal.com/studies/455164/cinematic-arts.html?ref=search_card,Cinematic Arts (Hons)Cinematic Arts (Hons)University of Canterbury,N/A,Provided by university,"4,184,255 NPR / year",Christchurch,New Zealand,4 years
https://www.bachelorsportal.com/studies/492350/medical-lab-technology.html?ref=search_card,Medical Lab Technology (Honours - Honours with Research)Amity University Noida,N/A,,"401,885 NPR / year",Noida,India,4 years
https://www.bachelorsportal.com/studies/492355/neurosciences.html?ref=search_card,Neurosciences (Honours)Amity University Noida,N/A,,"330,120 NPR / year",Noida,India,3 years
https://www.bachelorsportal.com/studies/483924/bachelor-of-business.html?ref=search_card,Bachelor of Business (Management and Innovation Major)Bachelor of Business (Management and Innovation Major)Victoria University,Bachelor,Provided by university,"3,807,123 NPR / year",Melbourne,Australia,3 years
https://www.bachelorsportal.com/studies/306666/design.html?ref=search_card,Design (Honours)Design (Honours)Conestoga College,N/A,,"1,787,512 NPR / year",Kitchener,Canada,4 years
https://www.bachelorsportal.com/studies/492362/yoga.html?ref=search_card,Yoga (Honours)Amity University Noida,N/A,,"310,983 NPR / year",Noida,India,3 years
https://www.bachelorsportal.com/studies/450711/clinical-pharmacology-undergraduate-foundation-programme.html?ref=search_card,"Clinical Pharmacology - Undergraduate Foundation ProgrammeClinical Pharmacology - Undergraduate Foundation ProgrammeCity St George's, University of London",N/A,,"4,596,842 NPR / full",London,United Kingdom,9 months
https://www.bachelorsportal.com/studies/492489/english.html?ref=search_card,English (Honours)Amity University Noida,N/A,,"401,885 NPR / year",Noida,India,3 years
https://www.bachelorsportal.com/studies/284930/construction-project-management-undergraduate-foundation-programme.html?ref=search_card,Construction Project Management - Undergraduate Foundation ProgrammeConstruction Project Management - Undergraduate Foundation ProgrammeThe University of Lancashire,N/A,Provided by university,"3,912,716 NPR / full",Preston,United Kingdom,9 months
https://www.bachelorsportal.com/studies/494243/environmental-science-with-research.html?ref=search_card,Environmental Science with Research (Honours)Amity University Noida,N/A,,"330,120 NPR / year",Noida,India,4 years
https://www.bachelorsportal.com/studies/422415/pharmacy-undergraduate-foundation-programme.html?ref=search_card,Pharmacy - Undergraduate Foundation ProgrammePharmacy - Undergraduate Foundation ProgrammeRoyal College of Surgeons in Ireland,N/A,,"3,912,716 NPR / full",Dublin,Ireland,9 months
https://www.bachelorsportal.com/studies/427104/psychology-development-and-developmental-disorders-undergraduate-foundation-programme.html?ref=search_card,"Psychology, Development and Developmental Disorders - Undergraduate Foundation ProgrammePsychology, Development and Developmental Disorders - Undergraduate Foundation ProgrammeRoyal Holloway University of London",N/A,,"4,488,822 NPR / full",London,United Kingdom,9 months
https://www.bachelorsportal.com/studies/473355/public-space-design.html?ref=search_card,Public Space DesignPublic Space DesignManipal Academy of Higher Education,N/A,Provided by university,"1,855,449 NPR / year",Manipal,India,4 years
https://www.bachelorsportal.com/studies/474498/applied-science.html?ref=search_card,Applied Science (International Transfer Program in Engineering)Applied Science (International Transfer Program in Engineering)Manipal Academy of Higher Education,N/A,Provided by university,"438,565 NPR / year",Manipal,India,4 years
https://www.bachelorsportal.com/studies/492456/electrical-and-computer-engineering.html?ref=search_card,Electrical and Computer EngineeringAmity University Noida,N/A,,"746,358 NPR / year",Noida,India,4 years
https://www.bachelorsportal.com/studies/452567/mathematics-with-finance-and-accounting-undergraduate-foundation-programme.html?ref=search_card,Mathematics with Finance and Accounting - Undergraduate Foundation ProgrammeMathematics with Finance and Accounting - Undergraduate Foundation ProgrammeQueen Mary University of London,N/A,Provided by university,"4,596,842 NPR / full",London,United Kingdom,9 months
https://www.bachelorsportal.com/studies/490064/global-political-economy-undergraduate-foundation-programme.html?ref=search_card,"Global Political Economy - Undergraduate Foundation ProgrammeGlobal Political Economy - Undergraduate Foundation ProgrammeBirkbeck, University of London",N/A,,"4,626,847 NPR / full",London,United Kingdom,9 months
https://www.bachelorsportal.com/studies/342982/business-administration-management.html?ref=search_card,Business Administration - ManagementBusiness Administration - ManagementSeneca Polytechnic,N/A,,"1,860,687 NPR / year",Toronto,Canada,3 years
https://www.bachelorsportal.com/studies/455186/language-brain-and-behaviour.html?ref=search_card,"Language, Brain and BehaviourLanguage, Brain and BehaviourUniversity of Canterbury",N/A,Provided by university,"3,018,548 NPR / year",Christchurch,New Zealand,3 years
https://www.bachelorsportal.com/studies/303307/archaeology-undergraduate-foundation-programme.html?ref=search_card,"Archaeology - Undergraduate Foundation ProgrammeArchaeology - Undergraduate Foundation ProgrammeBirkbeck, University of London",N/A,,"4,734,867 NPR / full",London,United Kingdom,9 months
https://www.bachelorsportal.com/studies/427544/liberal-arts-undergraduate-foundation-programme.html?ref=search_card,Liberal Arts - Undergraduate Foundation ProgrammeLiberal Arts - Undergraduate Foundation ProgrammeRoyal Holloway University of London,N/A,,"4,488,822 NPR / full",London,United Kingdom,9 months
https://www.bachelorsportal.com/studies/429020/business-and-management-international-year-one.html?ref=search_card,Business and Management - International Year OneBusiness and Management - International Year OneRoyal Holloway University of London,N/A,,"4,488,822 NPR / full",London,United Kingdom,9 months
https://www.bachelorsportal.com/studies/460908/electronics-and-computer-engineering.html?ref=search_card,Electronics and Computer EngineeringElectronics and Computer EngineeringManipal Academy of Higher Education,N/A,Provided by university,"7,346,217 NPR / year",Bangalore,India,4 years
https://www.bachelorsportal.com/studies/303292/linguistics-and-language-undergraduate-foundation-programme.html?ref=search_card,"Linguistics and Language - Undergraduate Foundation ProgrammeLinguistics and Language - Undergraduate Foundation ProgrammeBirkbeck, University of London",N/A,,"4,626,847 NPR / full",London,United Kingdom,9 months
https://www.bachelorsportal.com/studies/425306/criminology-undergraduate-foundation-programme.html?ref=search_card,"Criminology - Undergraduate Foundation ProgrammeCriminology - Undergraduate Foundation ProgrammeGoldsmiths, University of London",N/A,,"4,488,822 NPR / full",London,United Kingdom,9 months
https://www.bachelorsportal.com/studies/491861/anthropology.html?ref=search_card,Anthropology (Honours)Amity University Noida,N/A,,"258,355 NPR / year",Noida,India,3 years
https://www.bachelorsportal.com/studies/427111/environmental-geoscience-undergraduate-foundation-programme.html?ref=search_card,Environmental Geoscience - Undergraduate Foundation ProgrammeEnvironmental Geoscience - Undergraduate Foundation ProgrammeRoyal Holloway University of London,N/A,,"4,596,842 NPR / full",London,United Kingdom,9 months
https://www.bachelorsportal.com/studies/489100/international-year-one.html?ref=search_card,International Year OneInternational Year OneRoyal Holloway University of London,N/A,,"4,488,822 NPR / full",London,United Kingdom,9 months
https://www.bachelorsportal.com/studies/466155/architecture.html?ref=search_card,(Hons) Architecture(Hons) ArchitectureUniversity of York,N/A,Provided by university,"5,501,007 NPR / year",York,United Kingdom,3 years
https://www.bachelorsportal.com/studies/421333/cyber-security-undergraduate-foundation-programme.html?ref=search_card,Cyber Security - Undergraduate Foundation ProgrammeCyber Security - Undergraduate Foundation ProgrammeThe University of Lancashire,N/A,Provided by university,"3,912,716 NPR / full",Preston,United Kingdom,9 months
https://www.bachelorsportal.com/studies/463479/radiotherapy-technology.html?ref=search_card,Radiotherapy TechnologyRadiotherapy TechnologyManipal Academy of Higher Education,N/A,Provided by university,"1,481,336 NPR / year",Manipal,India,4 years
https://www.bachelorsportal.com/studies/474376/technology-lateral-entry.html?ref=search_card,Technology - Lateral EntryTechnology - Lateral EntryManipal Academy of Higher Education,N/A,Provided by university,N/A,Manipal,India,3 years
https://www.bachelorsportal.com/studies/422418/pharmacy-medicine-undergraduate-foundation-programme.html?ref=search_card,Pharmacy - Medicine Undergraduate Foundation ProgrammePharmacy - Medicine Undergraduate Foundation ProgrammeRoyal College of Surgeons in Ireland,N/A,,"5,791,060 NPR / full",Dublin,Ireland,9 months
https://www.bachelorsportal.com/studies/98220/business-administration-management.html?ref=search_card,Business Administration - ManagementBusiness Administration - ManagementThe University of Maine,N/A,,"1,229 USD/credit Based on the original amount of",Orono,United States,4 years
https://www.bachelorsportal.com/studies/452525/biomedical-engineering-undergraduate-foundation-programme.html?ref=search_card,Biomedical Engineering - Undergraduate Foundation ProgrammeBiomedical Engineering - Undergraduate Foundation ProgrammeQueen Mary University of London,N/A,Provided by university,"4,596,842 NPR / full",London,United Kingdom,9 months
https://www.bachelorsportal.com/studies/452469/economics-statistics-and-mathematics-undergraduate-foundation-programme.html?ref=search_card,"Economics, Statistics and Mathematics - Undergraduate Foundation ProgrammeEconomics, Statistics and Mathematics - Undergraduate Foundation ProgrammeQueen Mary University of London",N/A,Provided by university,"4,488,822 NPR / full",London,United Kingdom,9 months
https://www.bachelorsportal.com/studies/284877/sports-business-management-undergraduate-foundation-programme.html?ref=search_card,Sports Business Management - Undergraduate Foundation ProgrammeSports Business Management - Undergraduate Foundation ProgrammeThe University of Lancashire,N/A,Provided by university,"3,498,641 NPR / full",Preston,United Kingdom,9 months
https://www.bachelorsportal.com/studies/284829/business-and-management-undergraduate-foundation-programme.html?ref=search_card,Business and Management - Undergraduate Foundation ProgrammeBusiness and Management - Undergraduate Foundation ProgrammeThe University of Lancashire,N/A,Provided by university,"3,498,641 NPR / full",Preston,United Kingdom,9 months
https://www.bachelorsportal.com/studies/303257/planetary-science-with-astronomy-undergraduate-foundation-programme.html?ref=search_card,"Planetary Science with Astronomy - Undergraduate Foundation ProgrammePlanetary Science with Astronomy - Undergraduate Foundation ProgrammeBirkbeck, University of London",N/A,,"4,734,867 NPR / full",London,United Kingdom,9 months
https://www.bachelorsportal.com/studies/306671/engineering-mechanical-systems-engineering.html?ref=search_card,Engineering - Mechanical Systems EngineeringEngineering - Mechanical Systems EngineeringConestoga College,N/A,,"1,684,871 NPR / year",Cambridge,Canada,4 years
https://www.bachelorsportal.com/studies/415891/culinary-arts.html?ref=search_card,Culinary ArtsCulinary ArtsÉcole Ducasse,N/A,,"3,192,294 NPR / year",Paris,France,3 years
https://www.bachelorsportal.com/studies/346497/business-administration-sport-management.html?ref=search_card,Business Administration - Sport ManagementBusiness Administration - Sport ManagementThe University of Maine,N/A,,"1,229 USD/credit Based on the original amount of",Orono,United States,4 years
https://www.bachelorsportal.com/studies/482336/artificial-intelligence-for-business.html?ref=search_card,Artificial Intelligence for Business (Online)GBSB Global Business School,N/A,,"1,545,779 NPR / year",Barcelona,Spain,3 years
https://www.bachelorsportal.com/studies/492266/accounting-and-economics-undergraduate-foundation-programme.html?ref=search_card,"Accounting and Economics - Undergraduate Foundation ProgrammeAccounting and Economics - Undergraduate Foundation ProgrammeBirkbeck, University of London",N/A,,"4,626,847 NPR / full",London,United Kingdom,9 months
https://www.bachelorsportal.com/studies/474479/culinary-science.html?ref=search_card,Culinary ScienceCulinary ScienceManipal Academy of Higher Education,N/A,Provided by university,"1,143,652 NPR / year",Manipal,India,3 years
https://www.bachelorsportal.com/studies/303385/history-and-politics-undergraduate-foundation-programme.html?ref=search_card,History and Politics - Undergraduate Foundation ProgrammeHistory and Politics - Undergraduate Foundation ProgrammeThe University of Lancashire,N/A,Provided by university,"3,498,641 NPR / full",Preston,United Kingdom,9 months
https://www.bachelorsportal.com/studies/490083/digital-media-undergraduate-foundation-programme.html?ref=search_card,"Digital Media - Undergraduate Foundation ProgrammeDigital Media - Undergraduate Foundation ProgrammeBirkbeck, University of London",N/A,,"4,626,847 NPR / full",London,United Kingdom,9 months
https://www.bachelorsportal.com/studies/180731/nuclear-medicine-technology.html?ref=search_card,Nuclear Medicine TechnologyNuclear Medicine TechnologyManipal Academy of Higher Education,N/A,Provided by university,"880,488 NPR / year",Manipal,India,4 years
https://www.bachelorsportal.com/studies/428483/biomedical-sciences-undergraduate-foundation-programme.html?ref=search_card,Biomedical Sciences - Undergraduate Foundation ProgrammeBiomedical Sciences - Undergraduate Foundation ProgrammeRoyal Holloway University of London,N/A,,"4,596,842 NPR / full",London,United Kingdom,9 months
https://www.bachelorsportal.com/studies/320017/graphic-design.html?ref=search_card,Graphic DesignGraphic DesignUniversity of Canterbury,N/A,Provided by university,"3,351,731 NPR / year",Christchurch,New Zealand,4 years
https://www.bachelorsportal.com/studies/473362/interior-design-and-build.html?ref=search_card,Interior Design and BuildInterior Design and BuildManipal Academy of Higher Education,N/A,Provided by university,"1,123,548 NPR / year",Manipal,India,3 years
https://www.bachelorsportal.com/studies/304921/digital-entrepreneurship.html?ref=search_card,Digital EntrepreneurshipGBSB Global Business School,N/A,,"2,414,194 NPR / year",Birkirkara,Malta,3 years
https://www.bachelorsportal.com/studies/256379/global-logistics-and-maritime-management.html?ref=search_card,Global Logistics and Maritime ManagementGlobal Logistics and Maritime ManagementUniversity of Tasmania,N/A,Provided by university,"3,750,223 NPR / year",Launceston,Australia,3 years
https://www.bachelorsportal.com/studies/457059/global-hospitality-management.html?ref=search_card,Global Hospitality Management (Marbella Campus)Global Hospitality Management (Marbella Campus)Les Roches,N/A,,"7,704,578 NPR / year",Marbella,Spain,4 years
https://www.bachelorsportal.com/studies/427538/film-television-and-digital-production-undergraduate-foundation-programme.html?ref=search_card,"Film, Television and Digital Production - Undergraduate Foundation ProgrammeFilm, Television and Digital Production - Undergraduate Foundation ProgrammeRoyal Holloway University of London",N/A,,"4,488,822 NPR / full",London,United Kingdom,9 months
https://www.bachelorsportal.com/studies/364492/cybersecurity.html?ref=search_card,CybersecurityCybersecurityUniversity of Idaho,N/A,,"4,501,598 NPR / year",Moscow,United States,4 years
https://www.bachelorsportal.com/studies/492444/computer-science-and-business-systems.html?ref=search_card,Computer Science and Business SystemsAmity University Noida,N/A,,"1,047,772 NPR / year",Noida,India,4 years
https://www.bachelorsportal.com/studies/320019/photography.html?ref=search_card,PhotographyPhotographyUniversity of Canterbury,N/A,Provided by university,"3,499,283 NPR / year",Christchurch,New Zealand,4 years
https://www.bachelorsportal.com/studies/490096/history-and-language-undergraduate-foundation-programme.html?ref=search_card,"History and Language (French, German, Italian, Japanese, Korean, Spanish) - Undergraduate Foundation ProgrammeHistory and Language (French, German, Italian, Japanese, Korean, Spanish) - Undergraduate Foundation ProgrammeBirkbeck, University of London",N/A,,"4,626,847 NPR / full",London,United Kingdom,9 months
https://www.bachelorsportal.com/studies/286264/media-communications.html?ref=search_card,Media CommunicationsMedia CommunicationsHumber Polytechnic,N/A,Provided by university,"2,162,085 NPR / year",Toronto,Canada,2 years
https://www.bachelorsportal.com/studies/320004/electrical-and-electronic-engineering.html?ref=search_card,Electrical and Electronic Engineering (Hons)Electrical and Electronic Engineering (Hons)University of Canterbury,N/A,Provided by university,"4,106,368 NPR / year",Christchurch,New Zealand,4 years
https://www.bachelorsportal.com/studies/427530/digital-media-culture-and-technology-undergraduate-foundation-programme.html?ref=search_card,Digital Media Culture and Technology - Undergraduate Foundation ProgrammeDigital Media Culture and Technology - Undergraduate Foundation ProgrammeRoyal Holloway University of London,N/A,,"4,488,822 NPR / full",London,United Kingdom,9 months
https://www.bachelorsportal.com/studies/473352/human-centered-design.html?ref=search_card,Human Centered DesignHuman Centered DesignManipal Academy of Higher Education,N/A,Provided by university,"1,855,449 NPR / year",Manipal,India,4 years
https://www.bachelorsportal.com/studies/452595/law-with-business-university-of-london-international-foundation-programme.html?ref=search_card,Law with Business - University of London International Foundation ProgrammeLaw with Business - University of London International Foundation ProgrammeQueen Mary University of London,N/A,Provided by university,"4,734,867 NPR / full",London,United Kingdom,9 months
https://www.bachelorsportal.com/studies/102924/classics.html?ref=search_card,ClassicsClassicsUniversity of Canterbury,N/A,Provided by university,"3,018,548 NPR / year",Christchurch,New Zealand,3 years
https://www.bachelorsportal.com/studies/427546/politics-undergraduate-foundation-programme.html?ref=search_card,Politics - Undergraduate Foundation ProgrammePolitics - Undergraduate Foundation ProgrammeRoyal Holloway University of London,N/A,,"4,488,822 NPR / full",London,United Kingdom,9 months
https://www.bachelorsportal.com/studies/490469/international-relations-3-continent.html?ref=search_card,International Relations (Honours) - 3 ContinentAmity University Noida,N/A,,"679,377 NPR / year",Noida,India,3 years
https://www.bachelorsportal.com/studies/455295/psychological-wellbeing.html?ref=search_card,Psychological WellbeingPsychological WellbeingUniversity of Canterbury,N/A,Provided by university,"3,575,872 NPR / year",Christchurch,New Zealand,3 years
https://www.bachelorsportal.com/studies/342747/computer-programming.html?ref=search_card,Computer ProgrammingComputer ProgrammingSeneca Polytechnic,N/A,,"2,001,818 NPR / year",Toronto,Canada,2 years
https://www.bachelorsportal.com/studies/78677/politics-and-international-relations.html?ref=search_card,Politics and International RelationsPolitics and International RelationsSOAS University of London,N/A,Provided by university,"4,574,838 NPR / year",London,United Kingdom,3 years
https://www.bachelorsportal.com/studies/492506/german.html?ref=search_card,German (Honours - Honours with Research)Amity University Noida,N/A,,"224,864 NPR / year",Noida,India,4 years
https://www.bachelorsportal.com/studies/181102/nursing.html?ref=search_card,NursingNursingManipal Academy of Higher Education,N/A,Provided by university,"778,457 NPR / year",Manipal,India,4 years
https://www.bachelorsportal.com/studies/102896/cinema-studies.html?ref=search_card,Cinema StudiesCinema StudiesUniversity of Canterbury,Master,Provided by university,"3,018,548 NPR / year",Christchurch,New Zealand,3 years
https://www.bachelorsportal.com/studies/256379/global-logistics-and-maritime-management.html?ref=search_card,Global Logistics and Maritime ManagementGlobal Logistics and Maritime ManagementUniversity of Tasmania,N/A,Provided by university,"3,750,223 NPR / year",Launceston,Australia,3 years
https://www.bachelorsportal.com/studies/243049/information-technology.html?ref=search_card,Information TechnologyInformation TechnologyVictoria University,N/A,Provided by university,"3,620,905 NPR / year",Melbourne,Australia,3 years
https://www.bachelorsportal.com/studies/492368/zoology.html?ref=search_card,Zoology (Honours)Amity University Noida,N/A,,"330,120 NPR / year",Noida,India,3 years
https://www.bachelorsportal.com/studies/427538/film-television-and-digital-production-undergraduate-foundation-programme.html?ref=search_card,"Film, Television and Digital Production - Undergraduate Foundation ProgrammeFilm, Television and Digital Production - Undergraduate Foundation ProgrammeRoyal Holloway University of London",N/A,,"4,488,822 NPR / full",London,United Kingdom,9 months
https://www.bachelorsportal.com/studies/493283/international-relations-with-research.html?ref=search_card,International Relations with Research (Honours)Amity University Noida,N/A,,"344,473 NPR / year",Noida,India,4 years
https://www.bachelorsportal.com/studies/491863/artificial-intelligence-and-data-science-with-research.html?ref=search_card,Artificial Intelligence and Data Science with Research (Honours)Amity University Noida,N/A,,"602,828 NPR / year",Noida,India,4 years
https://www.bachelorsportal.com/studies/474396/design.html?ref=search_card,Design (Interior Design)Design (Interior Design)Manipal Academy of Higher Education,N/A,Provided by university,"759,563 NPR / year",Manipal,India,4 years
https://www.bachelorsportal.com/studies/493287/journalism-and-mass-communication-with-research.html?ref=search_card,Journalism and Mass Communication with Research (Honours)Amity University Noida,N/A,,"765,495 NPR / year",Noida,India,4 years
https://www.bachelorsportal.com/studies/427625/social-sciences-undergraduate-foundation-programme.html?ref=search_card,Social Sciences - Undergraduate Foundation ProgrammeSocial Sciences - Undergraduate Foundation ProgrammeRoyal Holloway University of London,N/A,,"4,488,822 NPR / full",London,United Kingdom,9 months
https://www.bachelorsportal.com/studies/390750/hnd-in-digital-technologies.html?ref=search_card,HND in Digital Technologies (Cyber Security)Global Business Studies Dubai,N/A,,"1,646,362 NPR / year",Dubai,United Arab Emirates,2 years
https://www.bachelorsportal.com/studies/70119/undergraduate-foundation-programme-humanities-and-social-sciences.html?ref=search_card,"Undergraduate Foundation Programme - Humanities and Social SciencesUndergraduate Foundation Programme - Humanities and Social SciencesBirkbeck, University of London",N/A,,"4,626,847 NPR / full",London,United Kingdom,9 months
https://www.bachelorsportal.com/studies/482338/smart-cities-and-real-estate.html?ref=search_card,Smart Cities and Real Estate (Online)GBSB Global Business School,N/A,,"1,545,779 NPR / year",Barcelona,Spain,3 years
https://www.bachelorsportal.com/studies/97396/retail-management.html?ref=search_card,Retail Management (Hons)Retail Management (Hons)Toronto Metropolitan University,N/A,Provided by university,"4,600,995 NPR / year",Toronto,Canada,4 years
https://www.bachelorsportal.com/studies/490062/environment-and-sustainability-undergraduate-foundation-programme.html?ref=search_card,"Environment and Sustainability - Undergraduate Foundation ProgrammeEnvironment and Sustainability - Undergraduate Foundation ProgrammeBirkbeck, University of London",N/A,,"4,626,847 NPR / full",London,United Kingdom,9 months
https://www.bachelorsportal.com/studies/180766/interior-design.html?ref=search_card,Interior DesignInterior DesignManipal Academy of Higher Education,N/A,,"838,920 NPR / year",Dubai,United Arab Emirates,4 years
https://www.bachelorsportal.com/studies/422322/veterinary-medicine-undergraduate-foundation-programme.html?ref=search_card,Veterinary Medicine - Undergraduate Foundation ProgrammeVeterinary Medicine - Undergraduate Foundation ProgrammeThe University of Lancashire,N/A,Provided by university,"3,912,716 NPR / full",Preston,United Kingdom,9 months
https://www.bachelorsportal.com/studies/491749/clinical-dental-technology-medicine-undergraduate-foundation-programme.html?ref=search_card,Clinical Dental Technology - Medicine Undergraduate Foundation ProgrammeClinical Dental Technology - Medicine Undergraduate Foundation ProgrammeThe University of Lancashire,N/A,Provided by university,"5,791,060 NPR / full",Preston,United Kingdom,9 months
https://www.bachelorsportal.com/studies/427541/history-politics-and-international-relations-undergraduate-foundation-programme.html?ref=search_card,"History, Politics and International Relations - Undergraduate Foundation ProgrammeHistory, Politics and International Relations - Undergraduate Foundation ProgrammeRoyal Holloway University of London",N/A,,"4,488,822 NPR / full",London,United Kingdom,9 months
https://www.bachelorsportal.com/studies/473349/business-services-and-systems-design.html?ref=search_card,Business Services and Systems DesignBusiness Services and Systems DesignManipal Academy of Higher Education,N/A,Provided by university,"1,855,449 NPR / year",Manipal,India,4 years
https://www.bachelorsportal.com/studies/452560/computer-science-with-industrial-experience-undergraduate-foundation-programme.html?ref=search_card,Computer Science with Industrial Experience - Undergraduate Foundation ProgrammeComputer Science with Industrial Experience - Undergraduate Foundation ProgrammeQueen Mary University of London,N/A,Provided by university,"4,596,842 NPR / full",London,United Kingdom,9 months
https://www.bachelorsportal.com/studies/491755/advanced-therapeutic-technologies-medicine-undergraduate-foundation-programme.html?ref=search_card,Advanced Therapeutic Technologies - Medicine Undergraduate Foundation ProgrammeAdvanced Therapeutic Technologies - Medicine Undergraduate Foundation ProgrammeRoyal College of Surgeons in Ireland,N/A,,"5,791,060 NPR / full",Dublin,Ireland,9 months
https://www.bachelorsportal.com/studies/455172/digital-product-design.html?ref=search_card,Digital Product DesignDigital Product DesignUniversity of Canterbury,N/A,Provided by university,"3,906,458 NPR / year",Christchurch,New Zealand,3 years
https://www.bachelorsportal.com/studies/426719/business-and-management-undergraduate-foundation-programme.html?ref=search_card,Business and Management (Year in Business) - Undergraduate Foundation ProgrammeBusiness and Management (Year in Business) - Undergraduate Foundation ProgrammeRoyal Holloway University of London,N/A,,"4,488,822 NPR / full",London,United Kingdom,9 months
https://www.bachelorsportal.com/studies/48731/law.html?ref=search_card,Law (Hons)Law (Hons)Bangor University,N/A,Provided by university,"3,600,659 NPR / year",Bangor,United Kingdom,3 years
https://www.bachelorsportal.com/studies/292110/digital-marketing.html?ref=search_card,Digital MarketingGBSB Global Business School,N/A,,"2,414,194 NPR / year",Barcelona,Spain,3 years
https://www.bachelorsportal.com/studies/452553/astrophysics-undergraduate-foundation-programme.html?ref=search_card,Astrophysics - Undergraduate Foundation ProgrammeAstrophysics - Undergraduate Foundation ProgrammeQueen Mary University of London,N/A,Provided by university,"4,596,842 NPR / full",London,United Kingdom,9 months
https://www.bachelorsportal.com/studies/492483/business-economics.html?ref=search_card,Business Economics (Honours - Honours with Research)Amity University Noida,N/A,,"502,356 NPR / year",Noida,India,4 years
https://www.bachelorsportal.com/studies/466156/accounting-and-finance.html?ref=search_card,(Hons) Accounting and Finance(Hons) Accounting and FinanceUniversity of York,N/A,Provided by university,"6,471,185 NPR / year",York,United Kingdom,3 years
https://www.bachelorsportal.com/studies/491815/actuarial-science.html?ref=search_card,Actuarial ScienceAmity University Noida,N/A,,"330,120 NPR / year",Noida,India,3 years
https://www.bachelorsportal.com/studies/452666/politics-with-business-management-undergraduate-foundation-programme.html?ref=search_card,Politics with Business Management - Undergraduate Foundation ProgrammePolitics with Business Management - Undergraduate Foundation ProgrammeQueen Mary University of London,N/A,Provided by university,"4,488,822 NPR / full",London,United Kingdom,9 months
https://www.bachelorsportal.com/studies/452662/politics-undergraduate-foundation-programme.html?ref=search_card,Politics - Undergraduate Foundation ProgrammePolitics - Undergraduate Foundation ProgrammeQueen Mary University of London,N/A,Provided by university,"4,488,822 NPR / full",London,United Kingdom,9 months
https://www.bachelorsportal.com/studies/306662/business-administration-international-business-management.html?ref=search_card,Business Administration (Honours) - International Business ManagementBusiness Administration (Honours) - International Business ManagementConestoga College,N/A,,"1,651,818 NPR / year",Kitchener,Canada,4 years
https://www.bachelorsportal.com/studies/455304/sport.html?ref=search_card,SportSportUniversity of Canterbury,N/A,Provided by university,"3,093,839 NPR / year",Christchurch,New Zealand,3 years
https://www.bachelorsportal.com/studies/422322/veterinary-medicine-undergraduate-foundation-programme.html?ref=search_card,Veterinary Medicine - Undergraduate Foundation ProgrammeVeterinary Medicine - Undergraduate Foundation ProgrammeThe University of Lancashire,N/A,Provided by university,"3,912,716 NPR / full",Preston,United Kingdom,9 months
https://www.bachelorsportal.com/studies/476476/international-business-and-technology.html?ref=search_card,International Business and TechnologyAthens University of Economics and Business,N/A,,"1,042,098 NPR / year",Athens,Greece,4 years
https://www.bachelorsportal.com/studies/455189/mathematical-sciences-education.html?ref=search_card,Mathematical Sciences EducationMathematical Sciences EducationUniversity of Canterbury,N/A,Provided by university,"3,728,184 NPR / year",Christchurch,New Zealand,3 years
https://www.bachelorsportal.com/studies/463650/double-major.html?ref=search_card,"Double Major (Sociology, History, Economics, Political Science)Double Major (Sociology, History, Economics, Political Science)Manipal Academy of Higher Education",N/A,Provided by university,"838,920 NPR / year",Bangalore,India,4 years
https://www.bachelorsportal.com/studies/491860/agriculture-with-research.html?ref=search_card,Agriculture with Research (Honours)Amity University Noida,N/A,,"330,120 NPR / year",Noida,India,4 years
https://www.bachelorsportal.com/studies/492492/film-television-and-web-series.html?ref=search_card,"Film, Television and Web SeriesAmity University Noida",N/A,,"401,885 NPR / year",Noida,India,3 years
https://www.bachelorsportal.com/studies/426715/economics-with-political-studies-undergraduate-foundation-programme.html?ref=search_card,Economics with Political Studies - Undergraduate Foundation ProgrammeEconomics with Political Studies - Undergraduate Foundation ProgrammeRoyal Holloway University of London,N/A,,"4,488,822 NPR / full",London,United Kingdom,9 months
https://www.bachelorsportal.com/studies/492472/applied-psychology.html?ref=search_card,Applied Psychology (Honours)Amity University Noida,N/A,,"550,200 NPR / year",Noida,India,3 years
https://www.bachelorsportal.com/studies/452586/computer-science-and-artificial-intelligence-undergraduate-foundation-programme.html?ref=search_card,Computer Science and Artificial Intelligence - Undergraduate Foundation ProgrammeComputer Science and Artificial Intelligence - Undergraduate Foundation ProgrammeQueen Mary University of London,N/A,Provided by university,"4,596,842 NPR / full",London,United Kingdom,9 months
https://www.bachelorsportal.com/studies/426719/business-and-management-undergraduate-foundation-programme.html?ref=search_card,Business and Management (Year in Business) - Undergraduate Foundation ProgrammeBusiness and Management (Year in Business) - Undergraduate Foundation ProgrammeRoyal Holloway University of London,N/A,,"4,488,822 NPR / full",London,United Kingdom,9 months
https://www.bachelorsportal.com/studies/492331/life-sciences.html?ref=search_card,Life Sciences (Honours)Amity University Noida,N/A,,"330,120 NPR / year",Noida,India,3 years
https://www.bachelorsportal.com/studies/462679/family-business-management.html?ref=search_card,Family Business ManagementFamily Business ManagementManipal Academy of Higher Education,N/A,Provided by university,"856,454 NPR / year",Manipal,India,3 years
https://www.bachelorsportal.com/studies/103532/innovation-and-entrepreneurship.html?ref=search_card,Innovation and EntrepreneurshipInnovation and EntrepreneurshipUniversity of Canterbury,N/A,Provided by university,"3,281,633 NPR / year",Christchurch,New Zealand,3 years
https://www.bachelorsportal.com/studies/180749/audiology-and-speech-language-pathology.html?ref=search_card,Audiology and Speech Language PathologyAudiology and Speech Language PathologyManipal Academy of Higher Education,N/A,Provided by university,"846,478 NPR / year",Manipal,India,4 years
https://www.bachelorsportal.com/studies/455307/sustainable-business-enterprise-and-economics.html?ref=search_card,"Sustainable Business, Enterprise and EconomicsSustainable Business, Enterprise and EconomicsUniversity of Canterbury",N/A,Provided by university,"3,146,196 NPR / year",Christchurch,New Zealand,3 years
https://www.bachelorsportal.com/studies/426757/management-with-corporate-responsibility-undergraduate-foundation-programme.html?ref=search_card,Management with Corporate Responsibility (Year in Business) - Undergraduate Foundation ProgrammeManagement with Corporate Responsibility (Year in Business) - Undergraduate Foundation ProgrammeRoyal Holloway University of London,N/A,,"4,488,822 NPR / full",London,United Kingdom,9 months
https://www.bachelorsportal.com/studies/351504/business-management.html?ref=search_card,Business Management (Hons)Business Management (Hons)Kingston University,N/A,Provided by university,"3,700,678 NPR / year",London,United Kingdom,3 years
https://www.bachelorsportal.com/studies/495012/international-foundation-year.html?ref=search_card,International Foundation YearAsian Institute of Hospitality and Management (AIHM),N/A,,"1,786,935 NPR / year",Bangkok,Thailand,1 year
https://www.bachelorsportal.com/studies/452666/politics-with-business-management-undergraduate-foundation-programme.html?ref=search_card,Politics with Business Management - Undergraduate Foundation ProgrammePolitics with Business Management - Undergraduate Foundation ProgrammeQueen Mary University of London,N/A,Provided by university,"4,488,822 NPR / full",London,United Kingdom,9 months
https://www.bachelorsportal.com/studies/483130/international-studies.html?ref=search_card,International StudiesThe University of Sydney,N/A,Provided by university,"5,431,357 NPR / year",Sydney,Australia,3 years
https://www.bachelorsportal.com/studies/490099/liberal-arts-undergraduate-foundation-programme.html?ref=search_card,"Liberal Arts - Undergraduate Foundation ProgrammeLiberal Arts - Undergraduate Foundation ProgrammeBirkbeck, University of London",N/A,,"4,626,847 NPR / full",London,United Kingdom,9 months
https://www.bachelorsportal.com/studies/292226/finance-and-fintech.html?ref=search_card,Finance and Fintech (Online)GBSB Global Business School,N/A,,"1,545,779 NPR / year",Barcelona,Spain,3 years
https://www.bachelorsportal.com/studies/421366/physics-with-astrophysics-undergraduate-foundation-programme.html?ref=search_card,Physics with Astrophysics - Undergraduate Foundation ProgrammePhysics with Astrophysics - Undergraduate Foundation ProgrammeThe University of Lancashire,N/A,Provided by university,"3,912,716 NPR / full",Preston,United Kingdom,9 months
https://www.bachelorsportal.com/studies/452562/computer-science-with-management-undergraduate-foundation-programme.html?ref=search_card,Computer Science with Management (ITMB) - Undergraduate Foundation ProgrammeComputer Science with Management (ITMB) - Undergraduate Foundation ProgrammeQueen Mary University of London,N/A,Provided by university,"4,596,842 NPR / full",London,United Kingdom,9 months
https://www.bachelorsportal.com/studies/490092/finance-undergraduate-foundation-programme.html?ref=search_card,"Finance - Undergraduate Foundation ProgrammeFinance - Undergraduate Foundation ProgrammeBirkbeck, University of London",N/A,,"4,626,847 NPR / full",London,United Kingdom,9 months
https://www.bachelorsportal.com/studies/491727/international-journalism-undergraduate-foundation-programme.html?ref=search_card,International Journalism - Undergraduate Foundation ProgrammeInternational Journalism - Undergraduate Foundation ProgrammeThe University of Lancashire,N/A,Provided by university,"3,498,641 NPR / full",Preston,United Kingdom,9 months
https://www.bachelorsportal.com/studies/429026/management-with-accounting-international-year-one.html?ref=search_card,Management with Accounting (Year in Business) - International Year OneManagement with Accounting (Year in Business) - International Year OneRoyal Holloway University of London,N/A,,"4,488,822 NPR / full",London,United Kingdom,9 months
https://www.bachelorsportal.com/studies/474529/computer-science-engineering.html?ref=search_card,Computer Science EngineeringComputer Science EngineeringManipal Academy of Higher Education,N/A,Provided by university,"20,971 NPR / year",Manipal,India,4 years
https://www.bachelorsportal.com/studies/303310/earth-sciences-undergraduate-foundation-programme.html?ref=search_card,"Earth Sciences - Undergraduate Foundation ProgrammeEarth Sciences - Undergraduate Foundation ProgrammeBirkbeck, University of London",N/A,,"4,734,867 NPR / full",London,United Kingdom,9 months
https://www.bachelorsportal.com/studies/427552/video-games-art-and-design-undergraduate-foundation-programme.html?ref=search_card,Video Games Art and Design - Undergraduate Foundation ProgrammeVideo Games Art and Design - Undergraduate Foundation ProgrammeRoyal Holloway University of London,N/A,,"4,488,822 NPR / full",London,United Kingdom,9 months
https://www.bachelorsportal.com/studies/452546/robotics-engineering-undergraduate-foundation-programme.html?ref=search_card,Robotics Engineering - Undergraduate Foundation ProgrammeRobotics Engineering - Undergraduate Foundation ProgrammeQueen Mary University of London,N/A,Provided by university,"4,596,842 NPR / full",London,United Kingdom,9 months
https://www.bachelorsportal.com/studies/303240/accounting-and-finance-undergraduate-foundation-programme.html?ref=search_card,"Accounting and Finance - Undergraduate Foundation ProgrammeAccounting and Finance - Undergraduate Foundation ProgrammeBirkbeck, University of London",N/A,,"4,626,847 NPR / full",London,United Kingdom,9 months
https://www.bachelorsportal.com/studies/455293/primary-teaching.html?ref=search_card,Primary TeachingPrimary TeachingUniversity of Canterbury,N/A,Provided by university,"3,081,723 NPR / year",Christchurch,New Zealand,3 years
https://www.bachelorsportal.com/studies/421399/education-and-psychology-undergraduate-foundation-programme.html?ref=search_card,Education and Psychology - Undergraduate Foundation ProgrammeEducation and Psychology - Undergraduate Foundation ProgrammeThe University of Lancashire,N/A,Provided by university,"3,498,641 NPR / full",Preston,United Kingdom,9 months
https://www.bachelorsportal.com/studies/137728/biomedical-science.html?ref=search_card,Biomedical ScienceBiomedical ScienceTrent University,N/A,,"3,587,311 NPR / year",Peterborough,Canada,4 years
https://www.bachelorsportal.com/studies/483921/bachelor-of-business.html?ref=search_card,Bachelor of Business (Human Resource Management Major)Bachelor of Business (Human Resource Management Major)Victoria University,Bachelor,Provided by university,"3,807,123 NPR / year",Melbourne,Australia,3 years
https://www.bachelorsportal.com/studies/180717/occupational-therapy.html?ref=search_card,Occupational TherapyOccupational TherapyManipal Academy of Higher Education,N/A,Provided by university,"1,000,960 NPR / year",Manipal,India,4½ years
https://www.bachelorsportal.com/studies/319960/accounting.html?ref=search_card,AccountingAccountingUniversity of Canterbury,N/A,Provided by university,"3,281,633 NPR / year",Christchurch,New Zealand,3 years
https://www.bachelorsportal.com/studies/474499/mechatronics.html?ref=search_card,MechatronicsMechatronicsManipal Academy of Higher Education,N/A,,"1,700,513 NPR / year",Dubai,United Arab Emirates,4 years
https://www.bachelorsportal.com/studies/133808/audio-production.html?ref=search_card,Audio Production (Online)Audio Production (Online)Full Sail University,N/A,Provided by university,"9,069,403 NPR / year",Winter Park,United States,"1 year, 1 month"
https://www.bachelorsportal.com/studies/103764/financial-engineering.html?ref=search_card,Financial EngineeringFinancial EngineeringUniversity of Canterbury,N/A,Provided by university,"3,728,184 NPR / year",Christchurch,New Zealand,3 years
https://www.bachelorsportal.com/studies/371428/data-science-for-responsible-business.html?ref=search_card,Data Science for Responsible Businessemlyon business school,N/A,,"2,622,613 NPR / year",Lyon,France,4 years
https://www.bachelorsportal.com/studies/319969/chemical-and-process-engineering.html?ref=search_card,Chemical and Process Engineering (Hons)Chemical and Process Engineering (Hons)University of Canterbury,N/A,Provided by university,"4,106,368 NPR / year",Christchurch,New Zealand,4 years
https://www.bachelorsportal.com/studies/425111/business-computing-and-entrepreneurship-undergraduate-foundation-programme.html?ref=search_card,"Business Computing and Entrepreneurship - Undergraduate Foundation ProgrammeBusiness Computing and Entrepreneurship - Undergraduate Foundation ProgrammeGoldsmiths, University of London",N/A,,"4,488,822 NPR / full",London,United Kingdom,9 months
https://www.bachelorsportal.com/studies/304916/business-administration-and-digital-innovation.html?ref=search_card,Business Administration and Digital InnovationGBSB Global Business School,N/A,,"2,414,194 NPR / year",Birkirkara,Malta,3 years
https://www.bachelorsportal.com/studies/427101/psychology-undergraduate-foundation-programme.html?ref=search_card,Psychology - Undergraduate Foundation ProgrammePsychology - Undergraduate Foundation ProgrammeRoyal Holloway University of London,N/A,,"4,488,822 NPR / full",London,United Kingdom,9 months
https://www.bachelorsportal.com/studies/21016/biomedical-sciences.html?ref=search_card,Biomedical SciencesBiomedical SciencesBrunel University of London,N/A,Provided by university,"4,959,908 NPR / year",London,United Kingdom,3 years
https://www.bachelorsportal.com/studies/491732/photography-undergraduate-foundation-programme.html?ref=search_card,Photography - Undergraduate Foundation ProgrammePhotography - Undergraduate Foundation ProgrammeThe University of Lancashire,N/A,Provided by university,"3,498,641 NPR / full",Preston,United Kingdom,9 months
https://www.bachelorsportal.com/studies/482328/artificial-intelligence-for-business.html?ref=search_card,Artificial Intelligence for BusinessGBSB Global Business School,N/A,,"2,414,194 NPR / year",Madrid,Spain,3 years
https://www.bachelorsportal.com/studies/491746/medicine-and-surgery-medicine-undergraduate-foundation-programme.html?ref=search_card,Medicine and Surgery - Medicine Undergraduate Foundation ProgrammeMedicine and Surgery - Medicine Undergraduate Foundation ProgrammeThe University of Lancashire,N/A,Provided by university,"5,791,060 NPR / full",Preston,United Kingdom,9 months
https://www.bachelorsportal.com/studies/492324/geo-informatics.html?ref=search_card,Geo-InformaticsAmity University Noida,N/A,,"310,983 NPR / year",Noida,India,3 years
https://www.bachelorsportal.com/studies/428480/biochemistry-undergraduate-foundation-programme.html?ref=search_card,Biochemistry - Undergraduate Foundation ProgrammeBiochemistry - Undergraduate Foundation ProgrammeRoyal Holloway University of London,N/A,,"4,596,842 NPR / full",London,United Kingdom,9 months
https://www.bachelorsportal.com/studies/452548/mechanical-engineering-undergraduate-foundation-programme.html?ref=search_card,Mechanical Engineering - Undergraduate Foundation ProgrammeMechanical Engineering - Undergraduate Foundation ProgrammeQueen Mary University of London,N/A,Provided by university,"4,596,842 NPR / full",London,United Kingdom,9 months
https://www.bachelorsportal.com/studies/304932/fashion-and-luxury-business.html?ref=search_card,Fashion and Luxury BusinessGBSB Global Business School,N/A,,"2,414,194 NPR / year",Birkirkara,Malta,3 years
https://www.bachelorsportal.com/studies/303245/economic-and-social-policy-undergraduate-foundation-programme.html?ref=search_card,"Economic and Social Policy - Undergraduate Foundation ProgrammeEconomic and Social Policy - Undergraduate Foundation ProgrammeBirkbeck, University of London",N/A,,"4,626,847 NPR / full",London,United Kingdom,9 months
https://www.bachelorsportal.com/studies/452704/global-law-university-of-london-international-foundation-programme.html?ref=search_card,Global Law - University of London International Foundation ProgrammeGlobal Law - University of London International Foundation ProgrammeRoyal Holloway University of London,N/A,,"4,734,867 NPR / full",London,United Kingdom,9 months
https://www.bachelorsportal.com/studies/92654/agricultural-business.html?ref=search_card,Agricultural BusinessAgricultural BusinessColorado State University,N/A,Provided by university,"5,458,723 NPR / year",Fort Collins,United States,4 years
https://www.bachelorsportal.com/studies/70116/undergraduate-foundation-programme-life-sciences.html?ref=search_card,"Undergraduate Foundation Programme - Life SciencesUndergraduate Foundation Programme - Life SciencesBirkbeck, University of London",N/A,,"4,734,867 NPR / full",London,United Kingdom,9 months
https://www.bachelorsportal.com/studies/426001/undergraduate-foundation-programme-engineering-and-sciences.html?ref=search_card,Undergraduate Foundation Programme - Engineering and SciencesUndergraduate Foundation Programme - Engineering and SciencesRoyal Holloway University of London,N/A,,"4,596,842 NPR / full",London,United Kingdom,9 months
https://www.bachelorsportal.com/studies/421908/football-studies-undergraduate-foundation-programme.html?ref=search_card,Football Studies - Undergraduate Foundation ProgrammeFootball Studies - Undergraduate Foundation ProgrammeThe University of Lancashire,N/A,Provided by university,"3,912,716 NPR / full",Preston,United Kingdom,9 months
https://www.bachelorsportal.com/studies/492495/french.html?ref=search_card,French (Honours)Amity University Noida,N/A,,"224,864 NPR / year",Noida,India,3 years
https://www.bachelorsportal.com/studies/319968/civil-engineering.html?ref=search_card,Civil Engineering (Hons)Civil Engineering (Hons)University of Canterbury,N/A,Provided by university,"4,106,368 NPR / year",Christchurch,New Zealand,4 years
https://www.bachelorsportal.com/studies/425119/management-with-entrepreneurship-undergraduate-foundation-programme.html?ref=search_card,"Management with Entrepreneurship - Undergraduate Foundation ProgrammeManagement with Entrepreneurship - Undergraduate Foundation ProgrammeGoldsmiths, University of London",N/A,,"4,488,822 NPR / full",London,United Kingdom,9 months
https://www.bachelorsportal.com/studies/256401/computer-science.html?ref=search_card,Computer Science (Hons)Computer Science (Hons)Kingston University,N/A,Provided by university,"3,840,703 NPR / year",London,United Kingdom,3 years
https://www.bachelorsportal.com/studies/426716/economics-with-spanish-undergraduate-foundation-programme.html?ref=search_card,Economics with Spanish - Undergraduate Foundation ProgrammeEconomics with Spanish - Undergraduate Foundation ProgrammeRoyal Holloway University of London,N/A,,"4,488,822 NPR / full",London,United Kingdom,9 months
https://www.bachelorsportal.com/studies/452481/law-undergraduate-foundation-programme.html?ref=search_card,Law - Undergraduate Foundation ProgrammeLaw - Undergraduate Foundation ProgrammeQueen Mary University of London,N/A,Provided by university,"4,488,822 NPR / full",London,United Kingdom,9 months
https://www.bachelorsportal.com/studies/491868/botany-with-research.html?ref=search_card,Botany with Research (Honours)Amity University Noida,N/A,,"330,120 NPR / year",Noida,India,4 years
https://www.bachelorsportal.com/studies/246438/survey-engineering-technology.html?ref=search_card,Survey Engineering TechnologySurvey Engineering TechnologyThe University of Maine,N/A,,"1,229 USD/credit Based on the original amount of",Orono,United States,4 years
https://www.bachelorsportal.com/studies/284936/facilities-management-undergraduate-foundation-programme.html?ref=search_card,Facilities Management - Undergraduate Foundation ProgrammeFacilities Management - Undergraduate Foundation ProgrammeThe University of Lancashire,N/A,Provided by university,"3,912,716 NPR / full",Preston,United Kingdom,9 months
https://www.bachelorsportal.com/studies/180845/computer-science-and-engineering.html?ref=search_card,Computer Science and EngineeringComputer Science and EngineeringManipal Academy of Higher Education,N/A,,"7,950,843 NPR / year",Dubai,United Arab Emirates,4 years
https://www.bachelorsportal.com/studies/452594/law-and-politics-university-of-london-international-foundation-programme.html?ref=search_card,Law and Politics - University of London International Foundation ProgrammeLaw and Politics - University of London International Foundation ProgrammeQueen Mary University of London,N/A,Provided by university,"4,734,867 NPR / full",London,United Kingdom,9 months
https://www.bachelorsportal.com/studies/427535/european-and-international-studies-undergraduate-foundation-programme.html?ref=search_card,European and International Studies (Spanish) - Undergraduate Foundation ProgrammeEuropean and International Studies (Spanish) - Undergraduate Foundation ProgrammeRoyal Holloway University of London,N/A,,"4,488,822 NPR / full",London,United Kingdom,9 months
https://www.bachelorsportal.com/studies/49344/nursing.html?ref=search_card,NursingNursingCharles Sturt University,N/A,Provided by university,"3,583,661 NPR / year",Bathurst,Australia,3 years
https://www.bachelorsportal.com/studies/428475/law-with-criminology-undergraduate-foundation-programme.html?ref=search_card,Law with Criminology - Undergraduate Foundation ProgrammeLaw with Criminology - Undergraduate Foundation ProgrammeRoyal Holloway University of London,N/A,,"4,488,822 NPR / full",London,United Kingdom,9 months
https://www.bachelorsportal.com/studies/103485/information-systems.html?ref=search_card,Information SystemsInformation SystemsUniversity of Canterbury,N/A,Provided by university,"3,281,633 NPR / year",Christchurch,New Zealand,3 years
https://www.bachelorsportal.com/studies/490068/psychosocial-studies-with-principles-of-psychodynamic-counselling-undergraduate-foundation-programme.html?ref=search_card,"Psychosocial Studies with Principles of Psychodynamic Counselling - Undergraduate Foundation ProgrammePsychosocial Studies with Principles of Psychodynamic Counselling - Undergraduate Foundation ProgrammeBirkbeck, University of London",N/A,,"4,626,847 NPR / full",London,United Kingdom,9 months
https://www.bachelorsportal.com/studies/483606/textile-and-fashion-innovation.html?ref=search_card,Textile and Fashion InnovationWorld University of Design,N/A,,"1,027,040 NPR / year",Sonipat,India,4 years
https://www.bachelorsportal.com/studies/96850/business-technology-management.html?ref=search_card,Business Technology Management (Hons)Business Technology Management (Hons)Toronto Metropolitan University,N/A,Provided by university,"4,600,995 NPR / year",Toronto,Canada,4 years
https://www.bachelorsportal.com/studies/92654/agricultural-business.html?ref=search_card,Agricultural BusinessAgricultural BusinessColorado State University,N/A,Provided by university,"5,458,723 NPR / year",Fort Collins,United States,4 years
https://www.bachelorsportal.com/studies/462678/economic-studies.html?ref=search_card,Economic StudiesEconomic StudiesManipal Academy of Higher Education,N/A,Provided by university,"856,454 NPR / year",Manipal,India,3 years
https://www.bachelorsportal.com/studies/320049/mechanical-engineering.html?ref=search_card,Mechanical Engineering (Hons)Mechanical Engineering (Hons)University of Canterbury,N/A,Provided by university,"4,106,368 NPR / year",Christchurch,New Zealand,4 years
https://www.bachelorsportal.com/studies/137775/business-administration.html?ref=search_card,Business AdministrationBusiness AdministrationTrent University,N/A,,"3,587,311 NPR / year",Peterborough,Canada,4 years
https://www.bachelorsportal.com/studies/452569/mathematics-statistics-and-financial-economics-undergraduate-foundation-programme.html?ref=search_card,"Mathematics, Statistics and Financial Economics - Undergraduate Foundation ProgrammeMathematics, Statistics and Financial Economics - Undergraduate Foundation ProgrammeQueen Mary University of London",N/A,Provided by university,"4,596,842 NPR / full",London,United Kingdom,9 months
https://www.bachelorsportal.com/studies/492468/mechatronics.html?ref=search_card,MechatronicsAmity University Noida,N/A,,"746,358 NPR / year",Noida,India,4 years
https://www.bachelorsportal.com/studies/452706/law-and-politics-university-of-london-international-foundation-programme.html?ref=search_card,Law and Politics - University of London International Foundation ProgrammeLaw and Politics - University of London International Foundation ProgrammeRoyal Holloway University of London,N/A,,"4,734,867 NPR / full",London,United Kingdom,9 months
https://www.bachelorsportal.com/studies/455301/sport-coaching-and-physical-education.html?ref=search_card,Sport Coaching and Physical EducationSport Coaching and Physical EducationUniversity of Canterbury,N/A,Provided by university,"3,093,839 NPR / year",Christchurch,New Zealand,3 years
https://www.bachelorsportal.com/studies/429031/management-with-entrepreneurship-international-year-one.html?ref=search_card,Management with Entrepreneurship - International Year OneManagement with Entrepreneurship - International Year OneRoyal Holloway University of London,N/A,,"4,488,822 NPR / full",London,United Kingdom,9 months
https://www.bachelorsportal.com/studies/364342/animal-and-veterinary-science-dairy.html?ref=search_card,Animal and Veterinary Science - DairyAnimal and Veterinary Science - DairyUniversity of Idaho,N/A,,"4,501,598 NPR / year",Moscow,United States,4 years
https://www.bachelorsportal.com/studies/427536/film-studies-undergraduate-foundation-programme.html?ref=search_card,Film Studies - Undergraduate Foundation ProgrammeFilm Studies - Undergraduate Foundation ProgrammeRoyal Holloway University of London,N/A,,"4,488,822 NPR / full",London,United Kingdom,9 months
https://www.bachelorsportal.com/studies/489778/undergraduate-foundation-programme-engineering-and-physical-sciences.html?ref=search_card,"Undergraduate Foundation Programme - Engineering and Physical SciencesUndergraduate Foundation Programme - Engineering and Physical SciencesGoldsmiths, University of London",N/A,,"4,596,842 NPR / full",London,United Kingdom,9 months
https://www.bachelorsportal.com/studies/320107/society-and-policy.html?ref=search_card,Society and PolicySociety and PolicyUniversity of Canterbury,N/A,Provided by university,"3,792,224 NPR / year",Christchurch,New Zealand,3 years
https://www.bachelorsportal.com/studies/452471/accounting-and-finance-undergraduate-foundation-programme.html?ref=search_card,Accounting and Finance - Undergraduate Foundation ProgrammeAccounting and Finance - Undergraduate Foundation ProgrammeQueen Mary University of London,N/A,Provided by university,"4,488,822 NPR / full",London,United Kingdom,9 months
https://www.bachelorsportal.com/studies/494244/life-science-with-research.html?ref=search_card,Life Science with Research (Honours)Amity University Noida,N/A,,"330,120 NPR / year",Noida,India,4 years
https://www.bachelorsportal.com/studies/426723/financial-and-business-economics-undergraduate-foundation-programme.html?ref=search_card,Financial and Business Economics - Undergraduate Foundation ProgrammeFinancial and Business Economics - Undergraduate Foundation ProgrammeRoyal Holloway University of London,N/A,,"4,488,822 NPR / full",London,United Kingdom,9 months
https://www.bachelorsportal.com/studies/303268/film-and-media-undergraduate-foundation-programme.html?ref=search_card,"Film and Media - Undergraduate Foundation ProgrammeFilm and Media - Undergraduate Foundation ProgrammeBirkbeck, University of London",N/A,,"4,626,847 NPR / full",London,United Kingdom,9 months
https://www.bachelorsportal.com/studies/58047/medicine-undergraduate-foundation-programme.html?ref=search_card,Medicine Undergraduate Foundation ProgrammeMedicine Undergraduate Foundation ProgrammeThe University of Lancashire,N/A,Provided by university,"5,791,060 NPR / full",Preston,United Kingdom,9 months
https://www.bachelorsportal.com/studies/103509/management.html?ref=search_card,ManagementManagementUniversity of Canterbury,N/A,Provided by university,"3,281,633 NPR / year",Christchurch,New Zealand,3 years
https://www.bachelorsportal.com/studies/492507/history.html?ref=search_card,History (Honours)Amity University Noida,N/A,,"344,473 NPR / year",Noida,India,3 years
https://www.bachelorsportal.com/studies/452517/sustainable-energy-engineering-undergraduate-foundation-programme.html?ref=search_card,Sustainable Energy Engineering - Undergraduate Foundation ProgrammeSustainable Energy Engineering - Undergraduate Foundation ProgrammeQueen Mary University of London,N/A,Provided by university,"4,596,842 NPR / full",London,United Kingdom,9 months
https://www.bachelorsportal.com/studies/452467/economics-and-international-finance-undergraduate-foundation-programme.html?ref=search_card,Economics and International Finance - Undergraduate Foundation ProgrammeEconomics and International Finance - Undergraduate Foundation ProgrammeQueen Mary University of London,N/A,Provided by university,"4,488,822 NPR / full",London,United Kingdom,9 months
https://www.bachelorsportal.com/studies/452680/law-university-of-london-international-foundation-programme.html?ref=search_card,"Law - University of London International Foundation ProgrammeLaw - University of London International Foundation ProgrammeBirkbeck, University of London",N/A,,"4,734,867 NPR / full",London,United Kingdom,9 months
https://www.bachelorsportal.com/studies/425324/media-and-english-undergraduate-foundation-programme.html?ref=search_card,"Media and English - Undergraduate Foundation ProgrammeMedia and English - Undergraduate Foundation ProgrammeGoldsmiths, University of London",N/A,,"4,488,822 NPR / full",London,United Kingdom,9 months
https://www.bachelorsportal.com/studies/460909/electronics-engineering.html?ref=search_card,Electronics Engineering (VLSI Design and Technology)Electronics Engineering (VLSI Design and Technology)Manipal Academy of Higher Education,N/A,Provided by university,"4,262,619 NPR / year",Bangalore,India,4 years
https://www.bachelorsportal.com/studies/462835/business-process-management.html?ref=search_card,Business Process ManagementBusiness Process ManagementManipal Academy of Higher Education,N/A,Provided by university,"795,991 NPR / year",Manipal,India,3 years
https://www.bachelorsportal.com/studies/422234/physiology-and-pharmacology-undergraduate-foundation-programme.html?ref=search_card,Physiology and Pharmacology - Undergraduate Foundation ProgrammePhysiology and Pharmacology - Undergraduate Foundation ProgrammeThe University of Lancashire,N/A,Provided by university,"3,912,716 NPR / full",Preston,United Kingdom,9 months
https://www.bachelorsportal.com/studies/492470/acting.html?ref=search_card,ActingAmity University Noida,N/A,,"401,885 NPR / year",Noida,India,3 years
https://www.bachelorsportal.com/studies/491730/human-resource-management-undergraduate-foundation-programme.html?ref=search_card,Human Resource Management - Undergraduate Foundation ProgrammeHuman Resource Management - Undergraduate Foundation ProgrammeThe University of Lancashire,N/A,Provided by university,"3,498,641 NPR / full",Preston,United Kingdom,9 months
https://www.bachelorsportal.com/studies/490065/linguistics-and-culture-undergraduate-foundation-programme.html?ref=search_card,"Linguistics and Culture - Undergraduate Foundation ProgrammeLinguistics and Culture - Undergraduate Foundation ProgrammeBirkbeck, University of London",N/A,,"4,626,847 NPR / full",London,United Kingdom,9 months
https://www.bachelorsportal.com/studies/429234/management-with-international-business-international-year-one.html?ref=search_card,Management with International Business - International Year OneManagement with International Business - International Year OneRoyal Holloway University of London,N/A,,"4,488,822 NPR / full",London,United Kingdom,9 months
https://www.bachelorsportal.com/studies/489376/sustainability.html?ref=search_card,SustainabilitySustainabilityUniversity College Cork,N/A,Provided by university,N/A,Cork,Ireland,4 years
https://www.bachelorsportal.com/studies/346498/business-administration-innovation-and-entrepreneurship.html?ref=search_card,Business Administration - Innovation and EntrepreneurshipBusiness Administration - Innovation and EntrepreneurshipThe University of Maine,N/A,,"1,229 USD/credit Based on the original amount of",Orono,United States,4 years
https://www.bachelorsportal.com/studies/491869/chemistry-with-research.html?ref=search_card,Chemistry with Research (Honours)Amity University Noida,N/A,,"330,120 NPR / year",Noida,India,4 years
https://www.bachelorsportal.com/studies/421402/education-and-sociology-undergraduate-foundation-programme.html?ref=search_card,Education and Sociology - Undergraduate Foundation ProgrammeEducation and Sociology - Undergraduate Foundation ProgrammeThe University of Lancashire,N/A,Provided by university,"3,498,641 NPR / full",Preston,United Kingdom,9 months
https://www.bachelorsportal.com/studies/455175/environmental-process-engineering.html?ref=search_card,Environmental Process Engineering (Hons)Environmental Process Engineering (Hons)University of Canterbury,N/A,Provided by university,"4,106,368 NPR / year",Christchurch,New Zealand,4 years
https://www.bachelorsportal.com/studies/492465/information-technology.html?ref=search_card,Information TechnologyAmity University Noida,N/A,,"837,261 NPR / year",Noida,India,4 years
https://www.bachelorsportal.com/studies/320047/medicinal-chemistry.html?ref=search_card,Medicinal ChemistryMedicinal ChemistryUniversity of Canterbury,N/A,Provided by university,"3,728,184 NPR / year",Christchurch,New Zealand,3 years
https://www.bachelorsportal.com/studies/425323/media-and-communications-undergraduate-foundation-programme.html?ref=search_card,"Media and Communications - Undergraduate Foundation ProgrammeMedia and Communications - Undergraduate Foundation ProgrammeGoldsmiths, University of London",N/A,,"4,488,822 NPR / full",London,United Kingdom,9 months
https://www.bachelorsportal.com/studies/452719/law-and-politics-university-of-london-international-foundation-programme.html?ref=search_card,Law and Politics - University of London International Foundation ProgrammeLaw and Politics - University of London International Foundation ProgrammeRoyal Veterinary College,N/A,,"4,734,867 NPR / full",London,United Kingdom,9 months
https://www.bachelorsportal.com/studies/286113/developmental-services-worker.html?ref=search_card,Developmental Services WorkerDevelopmental Services WorkerHumber Polytechnic,N/A,Provided by university,"1,938,646 NPR / year",Toronto,Canada,2 years
https://www.bachelorsportal.com/studies/425882/psychology-with-forensic-psychology-undergraduate-foundation-programme.html?ref=search_card,"Psychology with Forensic Psychology - Undergraduate Foundation ProgrammePsychology with Forensic Psychology - Undergraduate Foundation ProgrammeGoldsmiths, University of London",N/A,,"4,596,842 NPR / full",London,United Kingdom,9 months
https://www.bachelorsportal.com/studies/492379/aeronautical-engineering.html?ref=search_card,Aeronautical EngineeringAmity University Noida,N/A,,"746,358 NPR / year",Noida,India,4 years
https://www.bachelorsportal.com/studies/486144/computer-science.html?ref=search_card,Computer Science (Honours)Computer Science (Honours)Conestoga College,N/A,,"1,787,512 NPR / year",Waterloo,Canada,4 years
https://www.bachelorsportal.com/studies/425121/marketing-undergraduate-foundation-programme.html?ref=search_card,"Marketing - Undergraduate Foundation ProgrammeMarketing - Undergraduate Foundation ProgrammeGoldsmiths, University of London",N/A,,"4,488,822 NPR / full",London,United Kingdom,9 months
https://www.bachelorsportal.com/studies/490069/social-and-political-sciences-undergraduate-foundation-programme.html?ref=search_card,"Social and Political Sciences - Undergraduate Foundation ProgrammeSocial and Political Sciences - Undergraduate Foundation ProgrammeBirkbeck, University of London",N/A,,"4,626,847 NPR / full",London,United Kingdom,9 months
https://www.bachelorsportal.com/studies/181120/pharmacy.html?ref=search_card,PharmacyPharmacyManipal Academy of Higher Education,N/A,Provided by university,"1,413,315 NPR / year",Manipal,India,4 years
https://www.bachelorsportal.com/studies/452660/geography-undergraduate-foundation-programme.html?ref=search_card,Geography - Undergraduate Foundation ProgrammeGeography - Undergraduate Foundation ProgrammeQueen Mary University of London,N/A,Provided by university,"4,488,822 NPR / full",London,United Kingdom,9 months
https://www.bachelorsportal.com/studies/455294/professional-and-community-engagement.html?ref=search_card,Professional and Community EngagementProfessional and Community EngagementUniversity of Canterbury,N/A,Provided by university,"3,018,548 NPR / year",Christchurch,New Zealand,3 years
https://www.bachelorsportal.com/studies/426724/management-with-accounting-undergraduate-foundation-programme.html?ref=search_card,Management with Accounting - Undergraduate Foundation ProgrammeManagement with Accounting - Undergraduate Foundation ProgrammeRoyal Holloway University of London,N/A,,"4,488,822 NPR / full",London,United Kingdom,9 months
https://www.bachelorsportal.com/studies/452718/law-with-business-university-of-london-international-foundation-programme.html?ref=search_card,Law with Business - University of London International Foundation ProgrammeLaw with Business - University of London International Foundation ProgrammeRoyal Veterinary College,N/A,,"4,734,867 NPR / full",London,United Kingdom,9 months
https://www.bachelorsportal.com/studies/102983/criminal-justice.html?ref=search_card,Criminal JusticeCriminal JusticeUniversity of Canterbury,N/A,Provided by university,"3,279,036 NPR / year",Christchurch,New Zealand,3 years
https://www.bachelorsportal.com/studies/490035/journalism-and-language-undergraduate-foundation-programme.html?ref=search_card,"Journalism and Language (French, German, Italian, Japanese, Korean, Spanish) - Undergraduate Foundation ProgrammeJournalism and Language (French, German, Italian, Japanese, Korean, Spanish) - Undergraduate Foundation ProgrammeBirkbeck, University of London",N/A,,"4,734,867 NPR / full",London,United Kingdom,9 months
https://www.bachelorsportal.com/studies/428496/petroleum-geology-undergraduate-foundation-programme.html?ref=search_card,Petroleum Geology - Undergraduate Foundation ProgrammePetroleum Geology - Undergraduate Foundation ProgrammeRoyal Holloway University of London,N/A,,"4,596,842 NPR / full",London,United Kingdom,9 months
https://www.bachelorsportal.com/studies/320005/ecosystem-health-and-biosecurity.html?ref=search_card,Ecosystem Health and Biosecurity (Hons)Ecosystem Health and Biosecurity (Hons)University of Canterbury,N/A,Provided by university,"3,630,825 NPR / year",Christchurch,New Zealand,4 years
https://www.bachelorsportal.com/studies/490072/sociology-and-criminology-undergraduate-foundation-programme.html?ref=search_card,"Sociology and Criminology - Undergraduate Foundation ProgrammeSociology and Criminology - Undergraduate Foundation ProgrammeBirkbeck, University of London",N/A,,"4,626,847 NPR / full",London,United Kingdom,9 months
https://www.bachelorsportal.com/studies/425115/economics-with-econometrics-undergraduate-foundation-programme.html?ref=search_card,"Economics with Econometrics - Undergraduate Foundation ProgrammeEconomics with Econometrics - Undergraduate Foundation ProgrammeGoldsmiths, University of London",N/A,,"4,488,822 NPR / full",London,United Kingdom,9 months
https://www.bachelorsportal.com/studies/284905/fire-engineering-undergraduate-foundation-programme.html?ref=search_card,Fire Engineering - Undergraduate Foundation ProgrammeFire Engineering - Undergraduate Foundation ProgrammeThe University of Lancashire,N/A,Provided by university,"3,912,716 NPR / full",Preston,United Kingdom,9 months
https://www.bachelorsportal.com/studies/425100/undergraduate-foundation-programme-business-economics-finance-and-management.html?ref=search_card,"Undergraduate Foundation Programme - Business, Economics, Finance and ManagementUndergraduate Foundation Programme - Business, Economics, Finance and ManagementGoldsmiths, University of London",N/A,,"4,488,822 NPR / full",London,United Kingdom,9 months
https://www.bachelorsportal.com/studies/427110/earth-climate-and-environmental-change-undergraduate-foundation-programme.html?ref=search_card,"Earth, Climate and Environmental Change - Undergraduate Foundation ProgrammeEarth, Climate and Environmental Change - Undergraduate Foundation ProgrammeRoyal Holloway University of London",N/A,,"4,596,842 NPR / full",London,United Kingdom,9 months
https://www.bachelorsportal.com/studies/96899/early-childhood-studies.html?ref=search_card,Early Childhood StudiesEarly Childhood StudiesToronto Metropolitan University,N/A,Provided by university,"4,001,896 NPR / year",Toronto,Canada,4 years
https://www.bachelorsportal.com/studies/455283/music-studies.html?ref=search_card,Music StudiesMusic StudiesUniversity of Canterbury,N/A,Provided by university,"3,418,367 NPR / year",Christchurch,New Zealand,3 years
https://www.bachelorsportal.com/studies/299849/cyber-security.html?ref=search_card,Cyber SecurityCyber SecurityFull Sail University,N/A,Provided by university,"13,264,002 NPR / full",Winter Park,United States,9 months
https://www.bachelorsportal.com/studies/492329/general.html?ref=search_card,General (Honours - Honours with Research)Amity University Noida,N/A,,"224,864 NPR / year",Noida,India,4 years
https://www.bachelorsportal.com/studies/493279/international-relations.html?ref=search_card,International Relations (Honours)Amity University Noida,N/A,,"344,473 NPR / year",Noida,India,3 years
https://www.bachelorsportal.com/studies/97153/hospitality-and-tourism-management.html?ref=search_card,Hospitality and Tourism Management (Hons)Hospitality and Tourism Management (Hons)Toronto Metropolitan University,N/A,Provided by university,"4,600,995 NPR / year",Toronto,Canada,4 years
https://www.bachelorsportal.com/studies/427102/psychology-clinical-psychology-and-mental-health-undergraduate-foundation-programme.html?ref=search_card,"Psychology, Clinical Psychology and Mental Health - Undergraduate Foundation ProgrammePsychology, Clinical Psychology and Mental Health - Undergraduate Foundation ProgrammeRoyal Holloway University of London",N/A,,"4,488,822 NPR / full",London,United Kingdom,9 months
https://www.bachelorsportal.com/studies/452669/undergraduate-foundation-programme-humanities-and-social-sciences.html?ref=search_card,Undergraduate Foundation Programme - Humanities and Social SciencesUndergraduate Foundation Programme - Humanities and Social SciencesQueen Mary University of London,N/A,Provided by university,"4,488,822 NPR / full",London,United Kingdom,9 months
https://www.bachelorsportal.com/studies/415892/french-pastry-arts.html?ref=search_card,French Pastry ArtsFrench Pastry ArtsÉcole Ducasse,N/A,,"3,192,294 NPR / year",Paris,France,3 years
https://www.bachelorsportal.com/studies/285010/physician-associate-studies-medicine-undergraduate-foundation-programme.html?ref=search_card,Physician Associate Studies - Medicine Undergraduate Foundation ProgrammePhysician Associate Studies - Medicine Undergraduate Foundation ProgrammeThe University of Lancashire,N/A,Provided by university,"5,791,060 NPR / full",Preston,United Kingdom,9 months
https://www.bachelorsportal.com/studies/426722/economics-politics-and-international-relations-undergraduate-foundation-programme.html?ref=search_card,"Economics, Politics and International Relations - Undergraduate Foundation ProgrammeEconomics, Politics and International Relations - Undergraduate Foundation ProgrammeRoyal Holloway University of London",N/A,,"4,488,822 NPR / full",London,United Kingdom,9 months
https://www.bachelorsportal.com/studies/256740/mechanical-engineering.html?ref=search_card,Mechanical Engineering (Hons)Mechanical Engineering (Hons)Kingston University,N/A,Provided by university,"3,840,703 NPR / year",London,United Kingdom,3 years
https://www.bachelorsportal.com/studies/82331/law.html?ref=search_card,Law (Hons)Law (Hons)University of York,N/A,Provided by university,"5,501,007 NPR / year",York,United Kingdom,3 years
https://www.bachelorsportal.com/studies/292539/archaeology-history-and-literature-of-ancient-greece.html?ref=search_card,"Archaeology, History, and Literature of Ancient GreeceNational and Kapodistrian University of Athens (NKUA)",N/A,,"1,042,098 NPR / year",Athens,Greece,4 years
https://www.bachelorsportal.com/studies/490085/economics-undergraduate-foundation-programme.html?ref=search_card,"Economics - Undergraduate Foundation ProgrammeEconomics - Undergraduate Foundation ProgrammeBirkbeck, University of London",N/A,,"4,626,847 NPR / full",London,United Kingdom,9 months
https://www.bachelorsportal.com/studies/103834/speech-and-language-pathology.html?ref=search_card,Speech and Language Pathology (Hons)Speech and Language Pathology (Hons)University of Canterbury,N/A,Provided by university,"3,820,783 NPR / year",Christchurch,New Zealand,4 years
https://www.bachelorsportal.com/studies/426725/management-with-accounting-undergraduate-foundation-programme.html?ref=search_card,Management with Accounting (Year in Business) - Undergraduate Foundation ProgrammeManagement with Accounting (Year in Business) - Undergraduate Foundation ProgrammeRoyal Holloway University of London,N/A,,"4,488,822 NPR / full",London,United Kingdom,9 months
https://www.bachelorsportal.com/studies/180795/animation.html?ref=search_card,AnimationAnimationManipal Academy of Higher Education,N/A,,"1,037,842 NPR / year",Dubai,United Arab Emirates,3 years
https://www.bachelorsportal.com/studies/491810/financial-analytics.html?ref=search_card,Financial Analytics (Honours)Amity University Noida,N/A,,"732,005 NPR / year",Noida,India,4 years
https://www.bachelorsportal.com/studies/284824/accounting-and-finance-undergraduate-foundation-programme.html?ref=search_card,Accounting and Finance - Undergraduate Foundation ProgrammeAccounting and Finance - Undergraduate Foundation ProgrammeThe University of Lancashire,N/A,Provided by university,"3,498,641 NPR / full",Preston,United Kingdom,9 months
https://www.bachelorsportal.com/studies/369266/corporate-accounting-and-taxation.html?ref=search_card,Corporate Accounting and TaxationCorporate Accounting and TaxationManipal Academy of Higher Education,N/A,Provided by university,"396,786 NPR / year",Bangalore,India,4 years
https://www.bachelorsportal.com/studies/491740/psychology-of-child-development-undergraduate-foundation-programme.html?ref=search_card,Psychology of Child Development - Undergraduate Foundation ProgrammePsychology of Child Development - Undergraduate Foundation ProgrammeThe University of Lancashire,N/A,Provided by university,"3,912,716 NPR / full",Preston,United Kingdom,9 months
https://www.bachelorsportal.com/studies/284838/international-tourism-management-undergraduate-foundation-programme.html?ref=search_card,International Tourism Management - Undergraduate Foundation ProgrammeInternational Tourism Management - Undergraduate Foundation ProgrammeThe University of Lancashire,N/A,Provided by university,"3,498,641 NPR / full",Preston,United Kingdom,9 months
https://www.bachelorsportal.com/studies/492358/engineering-physics-semiconductor-physics.html?ref=search_card,Engineering Physics - Semiconductor Physics (Honours - Honours with Research)Amity University Noida,N/A,,"330,120 NPR / year",Noida,India,4 years
https://www.bachelorsportal.com/studies/489096/accounting-and-finance-undergraduate-foundation-programme.html?ref=search_card,Accounting and Finance (Year in Business)  - Undergraduate Foundation ProgrammeAccounting and Finance (Year in Business) - Undergraduate Foundation ProgrammeRoyal Holloway University of London,N/A,,"4,488,822 NPR / full",London,United Kingdom,9 months
https://www.bachelorsportal.com/studies/463643/computer-science-and-financial-technology.html?ref=search_card,Computer Science and Financial TechnologyComputer Science and Financial TechnologyManipal Academy of Higher Education,N/A,,"1,987,711 NPR / year",Dubai,United Arab Emirates,4 years
https://www.bachelorsportal.com/studies/303264/classics-undergraduate-foundation-programme.html?ref=search_card,"Classics - Undergraduate Foundation ProgrammeClassics - Undergraduate Foundation ProgrammeBirkbeck, University of London",N/A,,"4,734,867 NPR / full",London,United Kingdom,9 months
https://www.bachelorsportal.com/studies/492359/physics.html?ref=search_card,Physics (Honours)Amity University Noida,N/A,,"330,120 NPR / year",Noida,India,3 years
https://www.bachelorsportal.com/studies/490055/ancient-history-and-archaeology-undergraduate-foundation-programme.html?ref=search_card,"Ancient History and Archaeology - Undergraduate Foundation ProgrammeAncient History and Archaeology - Undergraduate Foundation ProgrammeBirkbeck, University of London",N/A,,"4,626,847 NPR / full",London,United Kingdom,9 months
https://www.bachelorsportal.com/studies/133486/entertainment-business.html?ref=search_card,Entertainment BusinessEntertainment BusinessFull Sail University,N/A,Provided by university,"10,127,500 NPR / full",Winter Park,United States,9 months
https://www.bachelorsportal.com/studies/455308/sustainable-energy-engineering.html?ref=search_card,Sustainable Energy Engineering (Hons)Sustainable Energy Engineering (Hons)University of Canterbury,N/A,Provided by university,"4,106,368 NPR / year",Christchurch,New Zealand,4 years
https://www.bachelorsportal.com/studies/303400/sociology-undergraduate-foundation-programme.html?ref=search_card,Sociology - Undergraduate Foundation ProgrammeSociology - Undergraduate Foundation ProgrammeThe University of Lancashire,N/A,Provided by university,"3,498,641 NPR / full",Preston,United Kingdom,9 months
https://www.bachelorsportal.com/studies/133461/film.html?ref=search_card,FilmFilmFull Sail University,N/A,Provided by university,"7,981,075 NPR / year",Winter Park,United States,"1 year, 8 months"
https://www.bachelorsportal.com/studies/482329/e-gaming-and-entertainment-industry.html?ref=search_card,E-Gaming and Entertainment IndustryGBSB Global Business School,N/A,,"2,414,194 NPR / year",Madrid,Spain,3 years
https://www.bachelorsportal.com/studies/444905/bachelor-of-engineering.html?ref=search_card,Bachelor of Engineering (Honours)Bachelor of Engineering (Honours)Curtin University,Bachelor,Provided by university,"4,481,645 NPR / year",Miri,Malaysia,4 years
https://www.bachelorsportal.com/studies/98122/chemical-engineering.html?ref=search_card,Chemical EngineeringChemical EngineeringThe University of Maine,N/A,,"1,229 USD/credit Based on the original amount of",Orono,United States,4 years
https://www.bachelorsportal.com/studies/320015/french.html?ref=search_card,FrenchFrenchUniversity of Canterbury,N/A,Provided by university,"3,018,548 NPR / year",Christchurch,New Zealand,3 years
https://www.bachelorsportal.com/studies/490079/business-computing-undergraduate-foundation-programme.html?ref=search_card,"Business Computing - Undergraduate Foundation ProgrammeBusiness Computing - Undergraduate Foundation ProgrammeBirkbeck, University of London",N/A,,"4,626,847 NPR / full",London,United Kingdom,9 months
https://www.bachelorsportal.com/studies/426760/management-with-digital-innovation-undergraduate-foundation-programme.html?ref=search_card,Management with Digital Innovation (Year in Business) - Undergraduate Foundation ProgrammeManagement with Digital Innovation (Year in Business) - Undergraduate Foundation ProgrammeRoyal Holloway University of London,N/A,,"4,488,822 NPR / full",London,United Kingdom,9 months
https://www.bachelorsportal.com/studies/329142/bachelor-of-information-technology.html?ref=search_card,Bachelor of Information TechnologyBachelor of Information TechnologyCurtin University,Bachelor,Provided by university,"4,243,079 NPR / year",Perth,Australia,3 years
https://www.bachelorsportal.com/studies/462718/insurance.html?ref=search_card,InsuranceInsuranceManipal Academy of Higher Education,N/A,Provided by university,"856,454 NPR / year",Manipal,India,3 years
https://www.bachelorsportal.com/studies/474467/electrical-and-electronics-engineering.html?ref=search_card,Electrical and Electronics EngineeringElectrical and Electronics EngineeringManipal Academy of Higher Education,N/A,,"1,776,091 NPR / year",Dubai,United Arab Emirates,4 years
https://www.bachelorsportal.com/studies/103267/maori-and-indigenous-studies.html?ref=search_card,Maori and Indigenous StudiesMaori and Indigenous StudiesUniversity of Canterbury,N/A,Provided by university,"3,018,548 NPR / year",Christchurch,New Zealand,3 years
https://www.bachelorsportal.com/studies/455287/pacific-studies.html?ref=search_card,Pacific StudiesPacific StudiesUniversity of Canterbury,N/A,Provided by university,"3,018,548 NPR / year",Christchurch,New Zealand,3 years
https://www.bachelorsportal.com/studies/492330/information-technology.html?ref=search_card,Information TechnologyAmity University Noida,N/A,,"602,828 NPR / year",Noida,India,3 years
https://www.bachelorsportal.com/studies/460944/financial-technology.html?ref=search_card,Financial TechnologyFinancial TechnologyManipal Academy of Higher Education,N/A,Provided by university,"1,957,480 NPR / year",Bangalore,India,4 years
https://www.bachelorsportal.com/studies/286094/computer-programming.html?ref=search_card,Computer ProgrammingComputer ProgrammingHumber Polytechnic,N/A,Provided by university,"2,193,290 NPR / year",Toronto,Canada,2 years
https://www.bachelorsportal.com/studies/490472/applied-psychology-3-continent.html?ref=search_card,Applied Psychology (Honours) - 3 ContinentAmity University Noida,N/A,,"679,377 NPR / year",Noida,India,3 years
https://www.bachelorsportal.com/studies/491748/dental-therapy-medicine-undergraduate-foundation-programme.html?ref=search_card,Dental Therapy - Medicine Undergraduate Foundation ProgrammeDental Therapy - Medicine Undergraduate Foundation ProgrammeThe University of Lancashire,N/A,Provided by university,"5,791,060 NPR / full",Preston,United Kingdom,9 months
https://www.bachelorsportal.com/studies/369247/psychology.html?ref=search_card,Psychology (Hons)Psychology (Hons)Manipal Academy of Higher Education,N/A,Provided by university,"476,144 NPR / year",Bangalore,India,4 years
https://www.bachelorsportal.com/studies/473350/creative-and-applied-computation.html?ref=search_card,Creative and Applied ComputationCreative and Applied ComputationManipal Academy of Higher Education,N/A,Provided by university,"1,855,449 NPR / year",Manipal,India,4 years
https://www.bachelorsportal.com/studies/452611/pharmacology-and-innovative-therapeutics-undergraduate-foundation-programme.html?ref=search_card,Pharmacology and Innovative Therapeutics - Undergraduate Foundation ProgrammePharmacology and Innovative Therapeutics - Undergraduate Foundation ProgrammeQueen Mary University of London,N/A,Provided by university,"4,596,842 NPR / full",London,United Kingdom,9 months
https://www.bachelorsportal.com/studies/356565/electronic-engineering.html?ref=search_card,Electronic Engineering (Hons)Electronic Engineering (Hons)Bangor University,N/A,Provided by university,"4,200,769 NPR / year",Bangor,United Kingdom,3 years
https://www.bachelorsportal.com/studies/61022/bachelor-of-commerce.html?ref=search_card,Bachelor of CommerceBachelor of CommerceCurtin University,Bachelor,Provided by university,"3,701,599 NPR / year",Dubai,United Arab Emirates,3 years
https://www.bachelorsportal.com/studies/444845/bachelor-of-medicine-bachelor-of-surgery.html?ref=search_card,"Bachelor of Medicine, Bachelor of Surgery (MBBS)Bachelor of Medicine, Bachelor of Surgery (MBBS)Curtin University",Bachelor,Provided by university,"9,929,969 NPR / year",Perth,Australia,5 years
https://www.bachelorsportal.com/studies/452529/computer-systems-engineering-undergraduate-foundation-programme.html?ref=search_card,Computer Systems Engineering - Undergraduate Foundation ProgrammeComputer Systems Engineering - Undergraduate Foundation ProgrammeQueen Mary University of London,N/A,Provided by university,"4,596,842 NPR / full",London,United Kingdom,9 months
https://www.bachelorsportal.com/studies/452579/pure-mathematics-undergraduate-foundation-programme.html?ref=search_card,Pure Mathematics - Undergraduate Foundation ProgrammePure Mathematics - Undergraduate Foundation ProgrammeQueen Mary University of London,N/A,Provided by university,"4,596,842 NPR / full",London,United Kingdom,9 months
https://www.bachelorsportal.com/studies/422208/nutrition-and-exercise-sciences-undergraduate-foundation-programme.html?ref=search_card,Nutrition and Exercise Sciences - Undergraduate Foundation ProgrammeNutrition and Exercise Sciences - Undergraduate Foundation ProgrammeThe University of Lancashire,N/A,Provided by university,"3,912,716 NPR / full",Preston,United Kingdom,9 months
https://www.bachelorsportal.com/studies/492451/computer-science-and-social-sciences.html?ref=search_card,Computer Science and Social SciencesAmity University Noida,N/A,,"835,666 NPR / year",Noida,India,4 years
https://www.bachelorsportal.com/studies/452677/english-and-european-law-university-of-london-international-foundation-programme.html?ref=search_card,"English and European Law - University of London International Foundation ProgrammeEnglish and European Law - University of London International Foundation ProgrammeBirkbeck, University of London",N/A,,"4,734,867 NPR / full",London,United Kingdom,9 months
https://www.bachelorsportal.com/studies/492494/film-television-and-web-series.html?ref=search_card,"Film, Television and Web Series (Honours - Honours with Research)Amity University Noida",N/A,,"401,885 NPR / year",Noida,India,4 years
https://www.bachelorsportal.com/studies/463471/interior-design-lateral-entry.html?ref=search_card,Interior Design - Lateral EntryInterior Design - Lateral EntryManipal Academy of Higher Education,N/A,Provided by university,"1,118,560 NPR / year",Manipal,India,3 years
https://www.bachelorsportal.com/studies/425327/politics-and-international-relations-undergraduate-foundation-programme.html?ref=search_card,"Politics and International Relations - Undergraduate Foundation ProgrammePolitics and International Relations - Undergraduate Foundation ProgrammeGoldsmiths, University of London",N/A,,"4,488,822 NPR / full",London,United Kingdom,9 months
https://www.bachelorsportal.com/studies/452730/law-and-politics-university-of-london-international-foundation-programme.html?ref=search_card,"Law and Politics - University of London International Foundation ProgrammeLaw and Politics - University of London International Foundation ProgrammeCity St George's, University of London",N/A,,"4,734,867 NPR / full",London,United Kingdom,9 months
https://www.bachelorsportal.com/studies/486146/data-analytics.html?ref=search_card,Data AnalyticsData AnalyticsConestoga College,N/A,,"1,787,512 NPR / year",Waterloo,Canada,3 years
https://www.bachelorsportal.com/studies/245911/engineering-with-honours.html?ref=search_card,Engineering (Specialisation) with HonoursEngineering (Specialisation) with HonoursUniversity of Tasmania,N/A,Provided by university,"4,339,913 NPR / year",Hobart,Australia,4 years
https://www.bachelorsportal.com/studies/317464/business-economics.html?ref=search_card,Business EconomicsBusiness EconomicsUniversity of Idaho,N/A,,"4,501,598 NPR / year",Moscow,United States,4 years
https://www.bachelorsportal.com/studies/427074/mathematics-with-italian-undergraduate-foundation-programme.html?ref=search_card,Mathematics with Italian - Undergraduate Foundation ProgrammeMathematics with Italian - Undergraduate Foundation ProgrammeRoyal Holloway University of London,N/A,,"4,596,842 NPR / full",London,United Kingdom,9 months
https://www.bachelorsportal.com/studies/492486/economics.html?ref=search_card,Economics (Honours)Amity University Noida,N/A,,"550,200 NPR / year",Noida,India,3 years
https://www.bachelorsportal.com/studies/490036/natural-sciences-undergraduate-foundation-programme.html?ref=search_card,"Natural Sciences - Undergraduate Foundation ProgrammeNatural Sciences - Undergraduate Foundation ProgrammeBirkbeck, University of London",N/A,,"4,734,867 NPR / full",London,United Kingdom,9 months
https://www.bachelorsportal.com/studies/490029/bioscience-with-management-undergraduate-foundation-programme.html?ref=search_card,"Bioscience with Management - Undergraduate Foundation ProgrammeBioscience with Management - Undergraduate Foundation ProgrammeBirkbeck, University of London",N/A,,"4,734,867 NPR / full",London,United Kingdom,9 months
https://www.bachelorsportal.com/studies/369310/physics.html?ref=search_card,PhysicsPhysicsManipal Academy of Higher Education,N/A,Provided by university,"396,786 NPR / year",Manipal,India,4 years
https://www.bachelorsportal.com/studies/180714/medical-laboratory-technology.html?ref=search_card,Medical Laboratory TechnologyMedical Laboratory TechnologyManipal Academy of Higher Education,N/A,Provided by university,"967,403 NPR / year",Manipal,India,4 years
https://www.bachelorsportal.com/studies/128878/management-information-systems.html?ref=search_card,Management Information SystemsManagement Information SystemsUniversity of Idaho,N/A,,"4,501,598 NPR / year",Moscow,United States,4 years
https://www.bachelorsportal.com/studies/495011/higher-national-diploma.html?ref=search_card,Higher National DiplomaAsian Institute of Hospitality and Management (AIHM),N/A,,"1,328,747 NPR / year",Bangkok,Thailand,2 years
https://www.bachelorsportal.com/studies/474371/mechanical-engineering.html?ref=search_card,Mechanical EngineeringMechanical EngineeringManipal Academy of Higher Education,N/A,,"1,700,513 NPR / year",Dubai,United Arab Emirates,4 years
https://www.bachelorsportal.com/studies/492502/geography.html?ref=search_card,Geography (Honours)Amity University Noida,N/A,,"344,473 NPR / year",Noida,India,3 years
https://www.bachelorsportal.com/studies/455169/cultural-heritage.html?ref=search_card,Cultural HeritageCultural HeritageUniversity of Canterbury,N/A,Provided by university,"3,018,548 NPR / year",Christchurch,New Zealand,3 years
https://www.bachelorsportal.com/studies/284975/forensic-science-undergraduate-foundation-programme.html?ref=search_card,Forensic Science - Undergraduate Foundation ProgrammeForensic Science - Undergraduate Foundation ProgrammeThe University of Lancashire,N/A,Provided by university,"3,912,716 NPR / full",Preston,United Kingdom,9 months
https://www.bachelorsportal.com/studies/421886/sports-coaching-and-development-undergraduate-foundation-programme.html?ref=search_card,Sports Coaching and Development - Undergraduate Foundation ProgrammeSports Coaching and Development - Undergraduate Foundation ProgrammeThe University of Lancashire,N/A,Provided by university,"3,912,716 NPR / full",Preston,United Kingdom,9 months
https://www.bachelorsportal.com/studies/103519/marketing.html?ref=search_card,MarketingMarketingUniversity of Canterbury,N/A,Provided by university,"3,281,633 NPR / year",Christchurch,New Zealand,3 years
https://www.bachelorsportal.com/studies/492354/microbiology.html?ref=search_card,Microbiology (Honours - Honours with Research)Amity University Noida,N/A,,"358,826 NPR / year",Noida,India,4 years
https://www.bachelorsportal.com/studies/474385/optometry.html?ref=search_card,OptometryOptometryManipal Academy of Higher Education,N/A,Provided by university,"415,681 NPR / year",Manipal,India,4 years
https://www.bachelorsportal.com/studies/292115/finance-and-fintech.html?ref=search_card,Finance and FintechGBSB Global Business School,N/A,,"2,414,194 NPR / year",Barcelona,Spain,3 years
https://www.bachelorsportal.com/studies/259979/business-administration-finance-investment-analysis.html?ref=search_card,Business Administration - Finance - Investment AnalysisBusiness Administration - Finance - Investment AnalysisColorado State University,N/A,Provided by university,"5,458,723 NPR / year",Fort Collins,United States,4 years
https://www.bachelorsportal.com/studies/455300/society-diversity-and-change.html?ref=search_card,"Society, Diversity and ChangeSociety, Diversity and ChangeUniversity of Canterbury",N/A,Provided by university,"3,018,548 NPR / year",Christchurch,New Zealand,3 years
https://www.bachelorsportal.com/studies/493455/visual-effects-animation-and-comics-with-research.html?ref=search_card,"Visual Effects, Animation and Comics with Research (Honours)Amity University Noida",N/A,,"401,885 NPR / year",Noida,India,4 years
https://www.bachelorsportal.com/studies/70112/undergraduate-foundation-programme-engineering-and-physical-sciences.html?ref=search_card,"Undergraduate Foundation Programme - Engineering and Physical SciencesUndergraduate Foundation Programme - Engineering and Physical SciencesBirkbeck, University of London",N/A,,"4,734,867 NPR / full",London,United Kingdom,9 months
https://www.bachelorsportal.com/studies/346778/surveying-engineering-technology-online.html?ref=search_card,Surveying Engineering Technology OnlineSurveying Engineering Technology OnlineThe University of Maine,N/A,,"1,229 USD/credit Based on the original amount of",Orono,United States,4 years
https://www.bachelorsportal.com/studies/450717/occupational-therapy-undergraduate-foundation-programme.html?ref=search_card,"Occupational Therapy - Undergraduate Foundation ProgrammeOccupational Therapy - Undergraduate Foundation ProgrammeCity St George's, University of London",N/A,,"4,596,842 NPR / full",London,United Kingdom,9 months
https://www.bachelorsportal.com/studies/292220/digital-communications-and-pr.html?ref=search_card,Digital Communications and PR (Online)GBSB Global Business School,N/A,,"1,545,779 NPR / year",Barcelona,Spain,3 years
https://www.bachelorsportal.com/studies/319966/communication.html?ref=search_card,CommunicationCommunicationUniversity of Canterbury,N/A,Provided by university,"3,128,455 NPR / year",Christchurch,New Zealand,3 years
https://www.bachelorsportal.com/studies/96901/electrical-engineering.html?ref=search_card,Electrical EngineeringElectrical EngineeringToronto Metropolitan University,N/A,Provided by university,"4,590,231 NPR / year",Toronto,Canada,4 years
https://www.bachelorsportal.com/studies/493298/philosophy-with-research.html?ref=search_card,Philosophy with Research (Honours)Amity University Noida,N/A,,"344,473 NPR / year",Noida,India,4 years
https://www.bachelorsportal.com/studies/59004/undergraduate-foundation-programme-humanities-and-social-sciences.html?ref=search_card,Undergraduate Foundation Programme – Humanities and Social SciencesUndergraduate Foundation Programme – Humanities and Social SciencesThe University of Lancashire,N/A,Provided by university,"3,498,641 NPR / full",Preston,United Kingdom,9 months
https://www.bachelorsportal.com/studies/455303/sport-studies.html?ref=search_card,Sport StudiesSport StudiesUniversity of Canterbury,N/A,Provided by university,"3,093,839 NPR / year",Christchurch,New Zealand,3 years
https://www.bachelorsportal.com/studies/426761/management-with-entrepreneurship-undergraduate-foundation-programme.html?ref=search_card,Management with Entrepreneurship - Undergraduate Foundation ProgrammeManagement with Entrepreneurship - Undergraduate Foundation ProgrammeRoyal Holloway University of London,N/A,,"4,488,822 NPR / full",London,United Kingdom,9 months
https://www.bachelorsportal.com/studies/455306/structural-engineering.html?ref=search_card,Structural Engineering (Hons)Structural Engineering (Hons)University of Canterbury,N/A,Provided by university,"4,106,368 NPR / year",Christchurch,New Zealand,4 years
https://www.bachelorsportal.com/studies/491862/anthropology-with-research.html?ref=search_card,Anthropology with Research (Honours)Amity University Noida,N/A,,"258,355 NPR / year",Noida,India,4 years
https://www.bachelorsportal.com/studies/485979/international-social-work-and-community-development.html?ref=search_card,International Social Work and Community Development (with Foundation Year)International Social Work and Community Development (with Foundation Year)The University of Lancashire,N/A,Provided by university,"3,465,635 NPR / year",Preston,United Kingdom,4 years
https://www.bachelorsportal.com/studies/303263/classical-studies-undergraduate-foundation-programme.html?ref=search_card,"Classical Studies - Undergraduate Foundation ProgrammeClassical Studies - Undergraduate Foundation ProgrammeBirkbeck, University of London",N/A,,"4,626,847 NPR / full",London,United Kingdom,9 months
https://www.bachelorsportal.com/studies/452698/english-and-european-law-university-of-london-international-foundation-programme.html?ref=search_card,English and European Law - University of London International Foundation ProgrammeEnglish and European Law - University of London International Foundation ProgrammeRoyal Holloway University of London,N/A,,"4,734,867 NPR / full",London,United Kingdom,9 months
https://www.bachelorsportal.com/studies/452729/law-university-of-london-international-foundation-programme.html?ref=search_card,"Law - University of London International Foundation ProgrammeLaw - University of London International Foundation ProgrammeCity St George's, University of London",N/A,,"4,734,867 NPR / full",London,United Kingdom,9 months
https://www.bachelorsportal.com/studies/286029/advertising-and-graphic-design.html?ref=search_card,Advertising and Graphic DesignAdvertising and Graphic DesignHumber Polytechnic,N/A,Provided by university,"2,049,659 NPR / year",Toronto,Canada,2 years
https://www.bachelorsportal.com/studies/167961/pharmacy.html?ref=search_card,Pharmacy (Honours)Pharmacy (Honours)University of Tasmania,N/A,Provided by university,"5,855,520 NPR / year",Hobart,Australia,3 years
https://www.bachelorsportal.com/studies/303332/civil-engineering-and-construction-management-undergraduate-foundation-programme.html?ref=search_card,Civil Engineering and Construction Management - Undergraduate Foundation ProgrammeCivil Engineering and Construction Management - Undergraduate Foundation ProgrammeThe University of Lancashire,N/A,Provided by university,"3,912,716 NPR / full",Preston,United Kingdom,9 months
https://www.bachelorsportal.com/studies/427103/psychology-clinical-and-cognitive-neuroscience-undergraduate-foundation-programme.html?ref=search_card,"Psychology, Clinical and Cognitive Neuroscience - Undergraduate Foundation ProgrammePsychology, Clinical and Cognitive Neuroscience - Undergraduate Foundation ProgrammeRoyal Holloway University of London",N/A,,"4,488,822 NPR / full",London,United Kingdom,9 months
https://www.bachelorsportal.com/studies/473356/visual-communication-and-strategic-branding.html?ref=search_card,Visual Communication And Strategic BrandingVisual Communication And Strategic BrandingManipal Academy of Higher Education,N/A,Provided by university,"1,855,449 NPR / year",Manipal,India,4 years
https://www.bachelorsportal.com/studies/492462/electronics-engineering.html?ref=search_card,Electronics Engineering (VLSI Design and Technology)Amity University Noida,N/A,,"837,261 NPR / year",Noida,India,4 years
https://www.bachelorsportal.com/studies/415798/luxury-business.html?ref=search_card,Luxury BusinessLuxury BusinessGlion Institute of Higher Education,N/A,,"13,230,269 NPR / year",Glion,Switzerland,4 years
https://www.bachelorsportal.com/studies/452606/environmental-science-with-business-management-undergraduate-foundation-programme.html?ref=search_card,Environmental Science with Business Management - Undergraduate Foundation ProgrammeEnvironmental Science with Business Management - Undergraduate Foundation ProgrammeQueen Mary University of London,N/A,Provided by university,"4,596,842 NPR / full",London,United Kingdom,9 months
https://www.bachelorsportal.com/studies/452530/electrical-and-electronic-engineering-undergraduate-foundation-programme.html?ref=search_card,Electrical and Electronic Engineering - Undergraduate Foundation ProgrammeElectrical and Electronic Engineering - Undergraduate Foundation ProgrammeQueen Mary University of London,N/A,Provided by university,"4,596,842 NPR / full",London,United Kingdom,9 months
https://www.bachelorsportal.com/studies/491734/sports-journalism-undergraduate-foundation-programme.html?ref=search_card,Sports Journalism - Undergraduate Foundation ProgrammeSports Journalism - Undergraduate Foundation ProgrammeThe University of Lancashire,N/A,Provided by university,"3,498,641 NPR / full",Preston,United Kingdom,9 months
https://www.bachelorsportal.com/studies/474528/biomedical-engineering.html?ref=search_card,Biomedical EngineeringBiomedical EngineeringManipal Academy of Higher Education,N/A,Provided by university,"1,367,968 NPR / year",Manipal,India,4 years
https://www.bachelorsportal.com/studies/463778/business-analytics.html?ref=search_card,Business AnalyticsBusiness AnalyticsManipal Academy of Higher Education,N/A,Provided by university,"856,454 NPR / year",Manipal,India,3 years
https://www.bachelorsportal.com/studies/490074/writing-and-performance-undergraduate-foundation-programme.html?ref=search_card,"Writing and Performance - Undergraduate Foundation ProgrammeWriting and Performance - Undergraduate Foundation ProgrammeBirkbeck, University of London",N/A,,"4,626,847 NPR / full",London,United Kingdom,9 months
https://www.bachelorsportal.com/studies/452558/computer-science-and-mathematics-undergraduate-foundation-programme.html?ref=search_card,Computer Science and Mathematics - Undergraduate Foundation ProgrammeComputer Science and Mathematics - Undergraduate Foundation ProgrammeQueen Mary University of London,N/A,Provided by university,"4,596,842 NPR / full",London,United Kingdom,9 months
https://www.bachelorsportal.com/studies/426714/economics-with-italian-undergraduate-foundation-programme.html?ref=search_card,Economics with Italian - Undergraduate Foundation ProgrammeEconomics with Italian - Undergraduate Foundation ProgrammeRoyal Holloway University of London,N/A,,"4,488,822 NPR / full",London,United Kingdom,9 months
https://www.bachelorsportal.com/studies/445210/software-engineering.html?ref=search_card,Software Engineering (Honours)Software Engineering (Honours)Trent University,N/A,,"3,587,311 NPR / year",Peterborough,Canada,4 years
https://www.bachelorsportal.com/studies/284927/computer-science-undergraduate-foundation-programme.html?ref=search_card,Computer Science - Undergraduate Foundation ProgrammeComputer Science - Undergraduate Foundation ProgrammeThe University of Lancashire,N/A,Provided by university,"3,912,716 NPR / full",Preston,United Kingdom,9 months
https://www.bachelorsportal.com/studies/452581/software-engineering-for-business-undergraduate-foundation-programme.html?ref=search_card,Software Engineering for Business - Undergraduate Foundation ProgrammeSoftware Engineering for Business - Undergraduate Foundation ProgrammeQueen Mary University of London,N/A,Provided by university,"4,596,842 NPR / full",London,United Kingdom,9 months
https://www.bachelorsportal.com/studies/430128/biological-sciences-undergraduate-foundation-programme.html?ref=search_card,Biological Sciences - Undergraduate Foundation ProgrammeBiological Sciences - Undergraduate Foundation ProgrammeRoyal Veterinary College,N/A,,"4,596,842 NPR / full",London,United Kingdom,9 months
https://www.bachelorsportal.com/studies/114986/business-and-management-top-up.html?ref=search_card,Business and Management Top-up (Hons) (Online)Business and Management Top-up (Hons) (Online)University of Derby,N/A,Provided by university,"1,086,199 NPR / year",Derby,United Kingdom,1 year
https://www.bachelorsportal.com/studies/103540/taxation-and-accounting.html?ref=search_card,Taxation and AccountingTaxation and AccountingUniversity of Canterbury,N/A,Provided by university,"3,281,633 NPR / year",Christchurch,New Zealand,3 years
https://www.bachelorsportal.com/studies/103448/finance.html?ref=search_card,FinanceFinanceUniversity of Canterbury,N/A,Provided by university,"3,281,633 NPR / year",Christchurch,New Zealand,3 years
https://www.bachelorsportal.com/studies/428482/biology-undergraduate-foundation-programme.html?ref=search_card,Biology - Undergraduate Foundation ProgrammeBiology - Undergraduate Foundation ProgrammeRoyal Holloway University of London,N/A,,"4,596,842 NPR / full",London,United Kingdom,9 months
https://www.bachelorsportal.com/studies/316032/law.html?ref=search_card,Law (Hons)Law (Hons)University of Birmingham,N/A,Provided by university,"5,064,927 NPR / year",Birmingham,United Kingdom,3 years
https://www.bachelorsportal.com/studies/492391/undergraduate-foundation-programme-life-sciences.html?ref=search_card,Undergraduate Foundation Programme - Life SciencesUndergraduate Foundation Programme - Life SciencesSt. George's University,N/A,,"3,912,716 NPR / full",St. George's,Grenada,9 months
https://www.bachelorsportal.com/studies/455155/aerospace-engineering.html?ref=search_card,Aerospace Engineering (Hons)Aerospace Engineering (Hons)University of Canterbury,N/A,Provided by university,"4,106,368 NPR / year",Christchurch,New Zealand,4 years
https://www.bachelorsportal.com/studies/492277/mathematics-and-computer-science-undergraduate-foundation-programme.html?ref=search_card,"Mathematics and Computer Science - Undergraduate Foundation ProgrammeMathematics and Computer Science - Undergraduate Foundation ProgrammeBirkbeck, University of London",N/A,,"4,734,867 NPR / full",London,United Kingdom,9 months
https://www.bachelorsportal.com/studies/427534/european-and-international-studies-undergraduate-foundation-programme.html?ref=search_card,European and International Studies (Italian) - Undergraduate Foundation ProgrammeEuropean and International Studies (Italian) - Undergraduate Foundation ProgrammeRoyal Holloway University of London,N/A,,"4,488,822 NPR / full",London,United Kingdom,9 months
https://www.bachelorsportal.com/studies/427112/geoscience-undergraduate-foundation-programme.html?ref=search_card,Geoscience - Undergraduate Foundation ProgrammeGeoscience - Undergraduate Foundation ProgrammeRoyal Holloway University of London,N/A,,"4,596,842 NPR / full",London,United Kingdom,9 months
https://www.bachelorsportal.com/studies/102853/chinese.html?ref=search_card,ChineseChineseUniversity of Canterbury,N/A,Provided by university,"3,018,548 NPR / year",Christchurch,New Zealand,3 years
https://www.bachelorsportal.com/studies/455286/nutrition.html?ref=search_card,NutritionNutritionUniversity of Canterbury,N/A,Provided by university,"3,728,184 NPR / year",Christchurch,New Zealand,3 years
https://www.bachelorsportal.com/studies/463346/physician-assistant.html?ref=search_card,Physician AssistantPhysician AssistantManipal Academy of Higher Education,N/A,Provided by university,"1,239,485 NPR / year",Manipal,India,4 years
https://www.bachelorsportal.com/studies/284917/mechanical-engineering-undergraduate-foundation-programme.html?ref=search_card,Mechanical Engineering - Undergraduate Foundation ProgrammeMechanical Engineering - Undergraduate Foundation ProgrammeThe University of Lancashire,N/A,Provided by university,"3,912,716 NPR / full",Preston,United Kingdom,9 months
https://www.bachelorsportal.com/studies/474549/biotechnology.html?ref=search_card,BiotechnologyBiotechnologyManipal Academy of Higher Education,N/A,,"705,297 NPR / year",Dubai,United Arab Emirates,3 years
https://www.bachelorsportal.com/studies/427545/modern-and-contemporary-history-undergraduate-foundation-programme.html?ref=search_card,Modern and Contemporary History - Undergraduate Foundation ProgrammeModern and Contemporary History - Undergraduate Foundation ProgrammeRoyal Holloway University of London,N/A,,"4,488,822 NPR / full",London,United Kingdom,9 months
https://www.bachelorsportal.com/studies/369267/business-analytics.html?ref=search_card,Business AnalyticsBusiness AnalyticsManipal Academy of Higher Education,N/A,Provided by university,"396,786 NPR / year",Bangalore,India,4 years
https://www.bachelorsportal.com/studies/128072/agricultural-economics-agribusiness-emphasis.html?ref=search_card,Agricultural Economics: Agribusiness EmphasisAgricultural Economics: Agribusiness EmphasisUniversity of Idaho,N/A,,"4,501,598 NPR / year",Moscow,United States,4 years
https://www.bachelorsportal.com/studies/452478/marketing-and-management-undergraduate-foundation-programme.html?ref=search_card,Marketing and Management - Undergraduate Foundation ProgrammeMarketing and Management - Undergraduate Foundation ProgrammeQueen Mary University of London,N/A,Provided by university,"4,488,822 NPR / full",London,United Kingdom,9 months
https://www.bachelorsportal.com/studies/328997/international-relations-major.html?ref=search_card,International Relations Major (BA)International Relations Major (BA)Curtin University,N/A,Provided by university,"3,871,057 NPR / year",Perth,Australia,3 years
https://www.bachelorsportal.com/studies/493315/sociology.html?ref=search_card,Sociology (Honours)Amity University Noida,N/A,,"344,473 NPR / year",Noida,India,3 years
https://www.bachelorsportal.com/studies/463552/prosthetics-and-orthotics.html?ref=search_card,Prosthetics and OrthoticsProsthetics and OrthoticsManipal Academy of Higher Education,N/A,Provided by university,"366,102 NPR / year",Manipal,India,4½ years
https://www.bachelorsportal.com/studies/452688/law-university-of-london-international-foundation-programme.html?ref=search_card,"Law - University of London International Foundation ProgrammeLaw - University of London International Foundation ProgrammeGoldsmiths, University of London",N/A,,"4,734,867 NPR / full",London,United Kingdom,9 months
https://www.bachelorsportal.com/studies/493304/philosophy-politics-and-economics-with-research.html?ref=search_card,"Philosophy, Politics and Economics with Research (Honours)Amity University Noida",N/A,,"502,356 NPR / year",Noida,India,4 years
https://www.bachelorsportal.com/studies/181066/hotel-management.html?ref=search_card,Hotel ManagementHotel ManagementManipal Academy of Higher Education,N/A,Provided by university,"1,292,390 NPR / year",Manipal,India,4 years
https://www.bachelorsportal.com/studies/463581/graphic-design-and-digital-media-marketing.html?ref=search_card,Graphic Design and Digital Media MarketingGraphic Design and Digital Media MarketingManipal Academy of Higher Education,N/A,Provided by university,"508,794 NPR / year",Manipal,India,3 years
https://www.bachelorsportal.com/studies/425120/management-with-marketing-undergraduate-foundation-programme.html?ref=search_card,"Management with Marketing - Undergraduate Foundation ProgrammeManagement with Marketing - Undergraduate Foundation ProgrammeGoldsmiths, University of London",N/A,,"4,488,822 NPR / full",London,United Kingdom,9 months
https://www.bachelorsportal.com/studies/491872/forensic-sciences-with-research.html?ref=search_card,Forensic Sciences with Research (Honours)Amity University Noida,N/A,,"459,297 NPR / year",Noida,India,4 years
https://www.bachelorsportal.com/studies/304858/molecular-and-biophysical-life-sciences.html?ref=search_card,Molecular and Biophysical Life SciencesUtrecht University,N/A,Provided by university,"2,965,290 NPR / year",Utrecht,Netherlands,3 years
https://www.bachelorsportal.com/studies/320044/maori-and-indigenous-health.html?ref=search_card,Maori and Indigenous HealthMaori and Indigenous HealthUniversity of Canterbury,N/A,Provided by university,"3,632,556 NPR / year",Christchurch,New Zealand,3 years
https://www.bachelorsportal.com/studies/493313/public-administration-with-research.html?ref=search_card,Public Administration with Research (Honours)Amity University Noida,N/A,,"344,473 NPR / year",Noida,India,4 years
https://www.bachelorsportal.com/studies/493310/philosophy-politics-and-economics.html?ref=search_card,"Philosophy, Politics and Economics (Honours)Amity University Noida",N/A,,"502,356 NPR / year",Noida,India,3 years
https://www.bachelorsportal.com/studies/473354/information-arts-and-information-design-practices.html?ref=search_card,Information Arts and Information Design PracticesInformation Arts and Information Design PracticesManipal Academy of Higher Education,N/A,Provided by university,"1,855,449 NPR / year",Manipal,India,4 years
https://www.bachelorsportal.com/studies/462672/banking.html?ref=search_card,BankingBankingManipal Academy of Higher Education,N/A,Provided by university,"856,454 NPR / year",Manipal,India,3 years
https://www.bachelorsportal.com/studies/320045/linguistics.html?ref=search_card,LinguisticsLinguisticsUniversity of Canterbury,N/A,Provided by university,"3,728,184 NPR / year",Christchurch,New Zealand,3 years
https://www.bachelorsportal.com/studies/491737/nursing-with-registered-nurse-undergraduate-foundation-programme.html?ref=search_card,Nursing with Registered Nurse (Mental Health) - Undergraduate Foundation ProgrammeNursing with Registered Nurse (Mental Health) - Undergraduate Foundation ProgrammeThe University of Lancashire,N/A,Provided by university,"3,912,716 NPR / full",Preston,United Kingdom,9 months
https://www.bachelorsportal.com/studies/48555/biomedical-science.html?ref=search_card,Biomedical Science (Hons)Biomedical Science (Hons)Bangor University,N/A,Provided by university,"4,200,769 NPR / year",Bangor,United Kingdom,3 years
https://www.bachelorsportal.com/studies/351501/accounting-and-finance.html?ref=search_card,Accounting and Finance (Hons)Accounting and Finance (Hons)Kingston University,N/A,Provided by university,"3,700,678 NPR / year",London,United Kingdom,3 years
https://www.bachelorsportal.com/studies/425315/history-undergraduate-foundation-programme.html?ref=search_card,"History - Undergraduate Foundation ProgrammeHistory - Undergraduate Foundation ProgrammeGoldsmiths, University of London",N/A,,"4,488,822 NPR / full",London,United Kingdom,9 months
https://www.bachelorsportal.com/studies/422395/veterinary-medicine-and-surgery-medicine-undergraduate-foundation-programme.html?ref=search_card,Veterinary Medicine and Surgery - Medicine Undergraduate Foundation ProgrammeVeterinary Medicine and Surgery - Medicine Undergraduate Foundation ProgrammeThe University of Lancashire,N/A,Provided by university,"5,791,060 NPR / full",Preston,United Kingdom,9 months
https://www.bachelorsportal.com/studies/491735/archaeology-and-anthropology-undergraduate-foundation-programme.html?ref=search_card,Archaeology and Anthropology - Undergraduate Foundation ProgrammeArchaeology and Anthropology - Undergraduate Foundation ProgrammeThe University of Lancashire,N/A,Provided by university,"3,912,716 NPR / full",Preston,United Kingdom,9 months
https://www.bachelorsportal.com/studies/463559/post-basic-nursing.html?ref=search_card,Post Basic NursingPost Basic NursingManipal Academy of Higher Education,N/A,Provided by university,"279,640 NPR / year",Manipal,India,2 years
https://www.bachelorsportal.com/studies/425301/anthropology-undergraduate-foundation-programme.html?ref=search_card,"Anthropology - Undergraduate Foundation ProgrammeAnthropology - Undergraduate Foundation ProgrammeGoldsmiths, University of London",N/A,,"4,488,822 NPR / full",London,United Kingdom,9 months
https://www.bachelorsportal.com/studies/303272/global-politics-and-international-relations-undergraduate-foundation-programme.html?ref=search_card,"Global Politics and International Relations - Undergraduate Foundation ProgrammeGlobal Politics and International Relations - Undergraduate Foundation ProgrammeBirkbeck, University of London",N/A,,"4,626,847 NPR / full",London,United Kingdom,9 months
https://www.bachelorsportal.com/studies/492361/pulmonary-function-test-technology.html?ref=search_card,Pulmonary Function Test Technology (Honours - Honours with Research)Amity University Noida,N/A,,"382,748 NPR / year",Noida,India,3 years
https://www.bachelorsportal.com/studies/342501/engineering-cyber-systems-engineering.html?ref=search_card,Engineering - Cyber Systems EngineeringEngineering - Cyber Systems EngineeringConestoga College,N/A,,"1,787,512 NPR / year",Cambridge,Canada,4 years
https://www.bachelorsportal.com/studies/246439/business-administration-finance.html?ref=search_card,Business Administration - FinanceBusiness Administration - FinanceThe University of Maine,N/A,,"1,229 USD/credit Based on the original amount of",Orono,United States,4 years
https://www.bachelorsportal.com/studies/292106/management.html?ref=search_card,ManagementGBSB Global Business School,N/A,,"2,414,194 NPR / year",Barcelona,Spain,3 years
https://www.bachelorsportal.com/studies/474494/respiratory-therapy.html?ref=search_card,Respiratory Therapy (Lateral)Respiratory Therapy (Lateral)Manipal Academy of Higher Education,N/A,Provided by university,"992,495 NPR / year",Manipal,India,3 years
https://www.bachelorsportal.com/studies/474476/medical-laboratory-technology.html?ref=search_card,Medical Laboratory TechnologyMedical Laboratory TechnologyManipal Academy of Higher Education,N/A,Provided by university,"230,514 NPR / year",Manipal,India,4 years
https://www.bachelorsportal.com/studies/425316/history-and-journalism-undergraduate-foundation-programme.html?ref=search_card,"History and Journalism - Undergraduate Foundation ProgrammeHistory and Journalism - Undergraduate Foundation ProgrammeGoldsmiths, University of London",N/A,,"4,488,822 NPR / full",London,United Kingdom,9 months
https://www.bachelorsportal.com/studies/482337/e-gaming-and-entertainment-industry.html?ref=search_card,E-Gaming and Entertainment Industry (Online)GBSB Global Business School,N/A,,"1,545,779 NPR / year",Barcelona,Spain,3 years
https://www.bachelorsportal.com/studies/452602/biomedical-sciences-undergraduate-foundation-programme.html?ref=search_card,Biomedical Sciences - Undergraduate Foundation ProgrammeBiomedical Sciences - Undergraduate Foundation ProgrammeQueen Mary University of London,N/A,Provided by university,"4,596,842 NPR / full",London,United Kingdom,9 months
https://www.bachelorsportal.com/studies/452507/undergraduate-foundation-programme-engineering-and-sciences.html?ref=search_card,Undergraduate Foundation Programme - Engineering and SciencesUndergraduate Foundation Programme - Engineering and SciencesQueen Mary University of London,N/A,Provided by university,"4,596,842 NPR / full",London,United Kingdom,9 months
https://www.bachelorsportal.com/studies/453808/certificate-in-international-hotel-administration.html?ref=search_card,Certificate in International Hotel Administration (CIHA)Asian Institute of Hospitality and Management (AIHM),N/A,,"1,017,738 NPR / year",Bangkok,Thailand,1½ years
https://www.bachelorsportal.com/studies/485557/science.html?ref=search_card,ScienceScienceUniversity of Tasmania,N/A,Provided by university,"4,443,367 NPR / year",Hobart,Australia,3 years
https://www.bachelorsportal.com/studies/429387/mathematics-with-german-undergraduate-foundation-programme.html?ref=search_card,Mathematics with German - Undergraduate Foundation ProgrammeMathematics with German - Undergraduate Foundation ProgrammeRoyal Holloway University of London,N/A,,"4,596,842 NPR / full",London,United Kingdom,9 months
https://www.bachelorsportal.com/studies/425315/history-undergraduate-foundation-programme.html?ref=search_card,"History - Undergraduate Foundation ProgrammeHistory - Undergraduate Foundation ProgrammeGoldsmiths, University of London",N/A,,"4,488,822 NPR / full",London,United Kingdom,9 months
https://www.bachelorsportal.com/studies/98077/computer-science.html?ref=search_card,Computer ScienceComputer ScienceThe University of Maine,N/A,,"1,229 USD/credit Based on the original amount of",Orono,United States,4 years
https://www.bachelorsportal.com/studies/474486/automobile-engineering.html?ref=search_card,Automobile EngineeringAutomobile EngineeringManipal Academy of Higher Education,N/A,Provided by university,"1,700,513 NPR / year",Manipal,India,4 years
https://www.bachelorsportal.com/studies/70128/international-year-one.html?ref=search_card,"International Year OneInternational Year OneBirkbeck, University of London",N/A,,"4,626,847 NPR / full",London,United Kingdom,9 months
https://www.bachelorsportal.com/studies/491733/sport-and-physical-education-undergraduate-foundation-programme.html?ref=search_card,Sport and Physical Education - Undergraduate Foundation ProgrammeSport and Physical Education - Undergraduate Foundation ProgrammeThe University of Lancashire,N/A,Provided by university,"3,498,641 NPR / full",Preston,United Kingdom,9 months
https://www.bachelorsportal.com/studies/490087/english-and-linguistics-undergraduate-foundation-programme.html?ref=search_card,"English and Linguistics - Undergraduate Foundation ProgrammeEnglish and Linguistics - Undergraduate Foundation ProgrammeBirkbeck, University of London",N/A,,"4,626,847 NPR / full",London,United Kingdom,9 months
https://www.bachelorsportal.com/studies/342763/early-childhood-education.html?ref=search_card,Early Childhood EducationEarly Childhood EducationSeneca Polytechnic,N/A,,"1,915,813 NPR / year",Toronto,Canada,2 years
https://www.bachelorsportal.com/studies/303250/marketing-undergraduate-foundation-programme.html?ref=search_card,"Marketing - Undergraduate Foundation ProgrammeMarketing - Undergraduate Foundation ProgrammeBirkbeck, University of London",N/A,,"4,626,847 NPR / full",London,United Kingdom,9 months
https://www.bachelorsportal.com/studies/224873/philosophy-politics-and-society.html?ref=search_card,"Philosophy, Politics and SocietyPhilosophy, Politics and SocietyRadboud University",N/A,Provided by university,"2,395,610 NPR / year",Nijmegen,Netherlands,3 years
https://www.bachelorsportal.com/studies/455174/environmental-policy-governance-and-social-justice.html?ref=search_card,"Environmental Policy, Governance and Social JusticeEnvironmental Policy, Governance and Social JusticeUniversity of Canterbury",N/A,Provided by university,"3,146,196 NPR / year",Christchurch,New Zealand,3 years
https://www.bachelorsportal.com/studies/426980/computer-science-undergraduate-foundation-programme.html?ref=search_card,Computer Science - Undergraduate Foundation ProgrammeComputer Science - Undergraduate Foundation ProgrammeRoyal Holloway University of London,N/A,,"4,596,842 NPR / full",London,United Kingdom,9 months
https://www.bachelorsportal.com/studies/429032/management-with-entrepreneurship-international-year-one.html?ref=search_card,Management with Entrepreneurship (Year in Business) - International Year OneManagement with Entrepreneurship (Year in Business) - International Year OneRoyal Holloway University of London,N/A,,"4,488,822 NPR / full",London,United Kingdom,9 months
https://www.bachelorsportal.com/studies/483111/arts-politics.html?ref=search_card,Arts - PoliticsThe University of Sydney,N/A,Provided by university,"5,431,357 NPR / year",Sydney,Australia,3 years
https://www.bachelorsportal.com/studies/284885/civil-engineering-undergraduate-foundation-programme.html?ref=search_card,Civil Engineering - Undergraduate Foundation ProgrammeCivil Engineering - Undergraduate Foundation ProgrammeThe University of Lancashire,N/A,Provided by university,"3,912,716 NPR / full",Preston,United Kingdom,9 months
https://www.bachelorsportal.com/studies/489776/undergraduate-foundation-programme-life-sciences.html?ref=search_card,"Undergraduate Foundation Programme - Life SciencesUndergraduate Foundation Programme - Life SciencesGoldsmiths, University of London",N/A,,"4,596,842 NPR / full",London,United Kingdom,9 months
https://www.bachelorsportal.com/studies/426969/management-with-international-business-undergraduate-foundation-programme.html?ref=search_card,Management with International Business - Undergraduate Foundation ProgrammeManagement with International Business - Undergraduate Foundation ProgrammeRoyal Holloway University of London,N/A,,"4,488,822 NPR / full",London,United Kingdom,9 months
https://www.bachelorsportal.com/studies/472767/animation-and-game-design.html?ref=search_card,Animation and Game DesignAnimation and Game DesignNew England College,N/A,Provided by university,"6,505,785 NPR / year",Henniker,United States,4 years
https://www.bachelorsportal.com/studies/452601/biology-undergraduate-foundation-programme.html?ref=search_card,Biology - Undergraduate Foundation ProgrammeBiology - Undergraduate Foundation ProgrammeQueen Mary University of London,N/A,Provided by university,"4,596,842 NPR / full",London,United Kingdom,9 months
https://www.bachelorsportal.com/studies/21056/computer-science.html?ref=search_card,Computer ScienceComputer ScienceBrunel University of London,N/A,Provided by university,"4,080,747 NPR / year",London,United Kingdom,3 years
https://www.bachelorsportal.com/studies/452458/economics-and-politics-undergraduate-foundation-programme.html?ref=search_card,Economics and Politics - Undergraduate Foundation ProgrammeEconomics and Politics - Undergraduate Foundation ProgrammeQueen Mary University of London,N/A,Provided by university,"4,488,822 NPR / full",London,United Kingdom,9 months
https://www.bachelorsportal.com/studies/382141/social-and-environmental-sustainability.html?ref=search_card,Social and Environmental SustainabilitySocial and Environmental SustainabilityUniversity of Canterbury,N/A,Provided by university,"3,146,196 NPR / year",Christchurch,New Zealand,3 years
https://www.bachelorsportal.com/studies/27893/biomedical-science.html?ref=search_card,Biomedical Science (Hons)Biomedical Science (Hons)University of Bradford,N/A,Provided by university,"3,378,619 NPR / year",Bradford,United Kingdom,3 years
https://www.bachelorsportal.com/studies/306674/environmental-public-health.html?ref=search_card,Environmental Public Health (Honours)Environmental Public Health (Honours)Conestoga College,N/A,,"1,684,871 NPR / year",Kitchener,Canada,4 years
https://www.bachelorsportal.com/studies/103134/geography.html?ref=search_card,GeographyGeographyUniversity of Canterbury,N/A,Provided by university,"3,018,548 NPR / year",Christchurch,New Zealand,3 years
https://www.bachelorsportal.com/studies/103492/international-business.html?ref=search_card,International BusinessInternational BusinessUniversity of Canterbury,N/A,Provided by university,"3,281,633 NPR / year",Christchurch,New Zealand,3 years
https://www.bachelorsportal.com/studies/452475/business-management-with-mandarin-chinese-with-a-year-abroad-undergraduate-foundation-programme.html?ref=search_card,Business Management with Mandarin Chinese with a Year Abroad - Undergraduate Foundation ProgrammeBusiness Management with Mandarin Chinese with a Year Abroad - Undergraduate Foundation ProgrammeQueen Mary University of London,N/A,Provided by university,"4,488,822 NPR / full",London,United Kingdom,9 months
https://www.bachelorsportal.com/studies/303259/geology-undergraduate-foundation-programme.html?ref=search_card,"Geology - Undergraduate Foundation ProgrammeGeology - Undergraduate Foundation ProgrammeBirkbeck, University of London",N/A,,"4,734,867 NPR / full",London,United Kingdom,9 months
https://www.bachelorsportal.com/studies/347677/management.html?ref=search_card,ManagementManagementRennes School of Business,N/A,Provided by university,"1,910,513 NPR / year",Rennes,France,3 years
https://www.bachelorsportal.com/studies/98129/civil-and-environmental-engineering.html?ref=search_card,Civil and Environmental EngineeringCivil and Environmental EngineeringThe University of Maine,N/A,,"1,229 USD/credit Based on the original amount of",Orono,United States,4 years
https://www.bachelorsportal.com/studies/303258/biomedicine-undergraduate-foundation-programme.html?ref=search_card,"Biomedicine - Undergraduate Foundation ProgrammeBiomedicine - Undergraduate Foundation ProgrammeBirkbeck, University of London",N/A,,"4,734,867 NPR / full",London,United Kingdom,9 months
https://www.bachelorsportal.com/studies/284879/aerospace-engineering-undergraduate-foundation-programme.html?ref=search_card,Aerospace Engineering - Undergraduate Foundation ProgrammeAerospace Engineering - Undergraduate Foundation ProgrammeThe University of Lancashire,N/A,Provided by university,"3,912,716 NPR / full",Preston,United Kingdom,9 months
https://www.bachelorsportal.com/studies/425322/journalism-undergraduate-foundation-programme.html?ref=search_card,"Journalism - Undergraduate Foundation ProgrammeJournalism - Undergraduate Foundation ProgrammeGoldsmiths, University of London",N/A,,"4,488,822 NPR / full",London,United Kingdom,9 months
https://www.bachelorsportal.com/studies/460948/business-administration.html?ref=search_card,Business Administration (Hons)Business Administration (Hons)Manipal Academy of Higher Education,N/A,Provided by university,"1,367,968 NPR / year",Bangalore,India,4 years
https://www.bachelorsportal.com/studies/490660/international-year-one-business-economics-finance-and-management.html?ref=search_card,"International Year One - Business, Economics, Finance and ManagementInternational Year One - Business, Economics, Finance and ManagementBirkbeck, University of London",N/A,,"4,626,847 NPR / full",London,United Kingdom,9 months
https://www.bachelorsportal.com/studies/59001/undergraduate-foundation-programme-engineering-and-physical-sciences.html?ref=search_card,Undergraduate Foundation Programme – Engineering and Physical SciencesUndergraduate Foundation Programme – Engineering and Physical SciencesThe University of Lancashire,N/A,Provided by university,"3,912,716 NPR / full",Preston,United Kingdom,9 months
https://www.bachelorsportal.com/studies/103602/fine-arts.html?ref=search_card,Fine ArtsFine ArtsUniversity of Canterbury,N/A,Provided by university,"3,499,283 NPR / year",Christchurch,New Zealand,4 years
https://www.bachelorsportal.com/studies/292079/digital-entrepreneurship.html?ref=search_card,Digital EntrepreneurshipGBSB Global Business School,N/A,,"2,414,194 NPR / year",Barcelona,Spain,3 years
https://www.bachelorsportal.com/studies/452468/economics-finance-and-management-undergraduate-foundation-programme.html?ref=search_card,"Economics, Finance and Management - Undergraduate Foundation ProgrammeEconomics, Finance and Management - Undergraduate Foundation ProgrammeQueen Mary University of London",N/A,Provided by university,"4,488,822 NPR / full",London,United Kingdom,9 months
https://www.bachelorsportal.com/studies/474503/medical-imaging-technology.html?ref=search_card,Medical Imaging TechnologyMedical Imaging TechnologyManipal Academy of Higher Education,N/A,Provided by university,"676,426 NPR / year",Manipal,India,4 years
https://www.bachelorsportal.com/studies/284918/motorsports-engineering-undergraduate-foundation-programme.html?ref=search_card,Motorsports Engineering - Undergraduate Foundation ProgrammeMotorsports Engineering - Undergraduate Foundation ProgrammeThe University of Lancashire,N/A,Provided by university,"3,912,716 NPR / full",Preston,United Kingdom,9 months
https://www.bachelorsportal.com/studies/491756/advanced-therapeutic-technologies-undergraduate-foundation-programme.html?ref=search_card,Advanced Therapeutic Technologies - Undergraduate Foundation ProgrammeAdvanced Therapeutic Technologies - Undergraduate Foundation ProgrammeRoyal College of Surgeons in Ireland,N/A,,"3,912,716 NPR / full",Dublin,Ireland,9 months
https://www.bachelorsportal.com/studies/452474/business-management-undergraduate-foundation-programme.html?ref=search_card,Business Management - Undergraduate Foundation ProgrammeBusiness Management - Undergraduate Foundation ProgrammeQueen Mary University of London,N/A,Provided by university,"4,488,822 NPR / full",London,United Kingdom,9 months
https://www.bachelorsportal.com/studies/492349/medical-biotechnology.html?ref=search_card,Medical Biotechnology (Honours - Honours with Research)Amity University Noida,N/A,,"435,376 NPR / year",Noida,India,4 years
https://www.bachelorsportal.com/studies/452661/international-relations-undergraduate-foundation-programme.html?ref=search_card,International Relations - Undergraduate Foundation ProgrammeInternational Relations - Undergraduate Foundation ProgrammeQueen Mary University of London,N/A,Provided by university,"4,488,822 NPR / full",London,United Kingdom,9 months
https://www.bachelorsportal.com/studies/299870/game-design.html?ref=search_card,Game DesignGame DesignFull Sail University,N/A,Provided by university,"4,534,702 NPR / full",Winter Park,United States,7 months
https://www.bachelorsportal.com/studies/346499/business-administration-international-business.html?ref=search_card,Business Administration - International BusinessBusiness Administration - International BusinessThe University of Maine,N/A,,"1,229 USD/credit Based on the original amount of",Orono,United States,4 years
https://www.bachelorsportal.com/studies/303388/philosophy-undergraduate-foundation-programme.html?ref=search_card,Philosophy - Undergraduate Foundation ProgrammePhilosophy - Undergraduate Foundation ProgrammeThe University of Lancashire,N/A,Provided by university,"3,498,641 NPR / full",Preston,United Kingdom,9 months
https://www.bachelorsportal.com/studies/303384/history-undergraduate-foundation-programme.html?ref=search_card,History - Undergraduate Foundation ProgrammeHistory - Undergraduate Foundation ProgrammeThe University of Lancashire,N/A,Provided by university,"3,498,641 NPR / full",Preston,United Kingdom,9 months
https://www.bachelorsportal.com/studies/474482/audiology-and-speech-language-pathology.html?ref=search_card,Audiology and Speech Language PathologyAudiology and Speech Language PathologyManipal Academy of Higher Education,N/A,Provided by university,"846,478 NPR / year",Manipal,India,4 years
https://www.bachelorsportal.com/studies/474393/industrial-engineering.html?ref=search_card,Industrial EngineeringIndustrial EngineeringManipal Academy of Higher Education,N/A,Provided by university,"1,367,968 NPR / year",Manipal,India,4 years
https://www.bachelorsportal.com/studies/455190/moving-image.html?ref=search_card,Moving ImageMoving ImageUniversity of Canterbury,N/A,Provided by university,"3,499,283 NPR / year",Christchurch,New Zealand,4 years
https://www.bachelorsportal.com/studies/483110/arts-political-economy.html?ref=search_card,Arts - Political EconomyThe University of Sydney,N/A,Provided by university,"5,431,357 NPR / year",Sydney,Australia,3 years
https://www.bachelorsportal.com/studies/427533/european-and-international-studies-undergraduate-foundation-programme.html?ref=search_card,European and International Studies (German) - Undergraduate Foundation ProgrammeEuropean and International Studies (German) - Undergraduate Foundation ProgrammeRoyal Holloway University of London,N/A,,"4,488,822 NPR / full",London,United Kingdom,9 months
https://www.bachelorsportal.com/studies/469029/global-hospitality-management.html?ref=search_card,Global Hospitality Management (Abu Dhabi Campus)Global Hospitality Management (Abu Dhabi Campus)Les Roches,N/A,,"8,487,450 NPR / year",Abu Dhabi,United Arab Emirates,4 years
https://www.bachelorsportal.com/studies/455163/business-and-sustainability.html?ref=search_card,Business and SustainabilityBusiness and SustainabilityUniversity of Canterbury,N/A,Provided by university,"3,018,548 NPR / year",Christchurch,New Zealand,3 years
https://www.bachelorsportal.com/studies/490067/psychology-for-education-undergraduate-foundation-programme.html?ref=search_card,"Psychology for Education - Undergraduate Foundation ProgrammePsychology for Education - Undergraduate Foundation ProgrammeBirkbeck, University of London",N/A,,"4,626,847 NPR / full",London,United Kingdom,9 months
https://www.bachelorsportal.com/studies/103737/chemistry.html?ref=search_card,ChemistryChemistryUniversity of Canterbury,N/A,Provided by university,"3,728,184 NPR / year",Christchurch,New Zealand,3 years
https://www.bachelorsportal.com/studies/426977/computer-systems-engineering-undergraduate-foundation-programme.html?ref=search_card,Computer Systems Engineering - Undergraduate Foundation ProgrammeComputer Systems Engineering - Undergraduate Foundation ProgrammeRoyal Holloway University of London,N/A,,"4,596,842 NPR / full",London,United Kingdom,9 months
https://www.bachelorsportal.com/studies/474503/medical-imaging-technology.html?ref=search_card,Medical Imaging TechnologyMedical Imaging TechnologyManipal Academy of Higher Education,N/A,Provided by university,"676,426 NPR / year",Manipal,India,4 years
https://www.bachelorsportal.com/studies/284918/motorsports-engineering-undergraduate-foundation-programme.html?ref=search_card,Motorsports Engineering - Undergraduate Foundation ProgrammeMotorsports Engineering - Undergraduate Foundation ProgrammeThe University of Lancashire,N/A,Provided by university,"3,912,716 NPR / full",Preston,United Kingdom,9 months
https://www.bachelorsportal.com/studies/428476/law-with-international-relations-undergraduate-foundation-programme.html?ref=search_card,Law with International Relations - Undergraduate Foundation ProgrammeLaw with International Relations - Undergraduate Foundation ProgrammeRoyal Holloway University of London,N/A,,"4,488,822 NPR / full",London,United Kingdom,9 months
https://www.bachelorsportal.com/studies/492446/computer-science-and-engineering.html?ref=search_card,Computer Science and Engineering (Internet of Things and Cyber Security including Blockchain Technology)Amity University Noida,N/A,,"1,047,772 NPR / year",Noida,India,4 years
https://www.bachelorsportal.com/studies/426974/management-with-marketing-undergraduate-foundation-programme.html?ref=search_card,Management with Marketing - Undergraduate Foundation ProgrammeManagement with Marketing - Undergraduate Foundation ProgrammeRoyal Holloway University of London,N/A,,"4,488,822 NPR / full",London,United Kingdom,9 months
https://www.bachelorsportal.com/studies/452661/international-relations-undergraduate-foundation-programme.html?ref=search_card,International Relations - Undergraduate Foundation ProgrammeInternational Relations - Undergraduate Foundation ProgrammeQueen Mary University of London,N/A,Provided by university,"4,488,822 NPR / full",London,United Kingdom,9 months
https://www.bachelorsportal.com/studies/452731/law-with-business-university-of-london-international-foundation-programme.html?ref=search_card,"Law with Business - University of London International Foundation ProgrammeLaw with Business - University of London International Foundation ProgrammeCity St George's, University of London",N/A,,"4,734,867 NPR / full",London,United Kingdom,9 months
https://www.bachelorsportal.com/studies/491731/outdoor-adventure-leadership-undergraduate-foundation-programme.html?ref=search_card,Outdoor Adventure Leadership - Undergraduate Foundation ProgrammeOutdoor Adventure Leadership - Undergraduate Foundation ProgrammeThe University of Lancashire,N/A,Provided by university,"3,498,641 NPR / full",Preston,United Kingdom,9 months
https://www.bachelorsportal.com/studies/425118/management-with-economics-undergraduate-foundation-programme.html?ref=search_card,"Management with Economics - Undergraduate Foundation ProgrammeManagement with Economics - Undergraduate Foundation ProgrammeGoldsmiths, University of London",N/A,,"4,488,822 NPR / full",London,United Kingdom,9 months
https://www.bachelorsportal.com/studies/455156/animation.html?ref=search_card,Animation (Hons)Animation (Hons)University of Canterbury,N/A,Provided by university,"4,184,255 NPR / year",Christchurch,New Zealand,4 years
https://www.bachelorsportal.com/studies/427554/criminology-and-psychology-undergraduate-foundation-programme.html?ref=search_card,Criminology and Psychology - Undergraduate Foundation ProgrammeCriminology and Psychology - Undergraduate Foundation ProgrammeRoyal Holloway University of London,N/A,,"4,488,822 NPR / full",London,United Kingdom,9 months
https://www.bachelorsportal.com/studies/284947/astrophysics-undergraduate-foundation-programme.html?ref=search_card,Astrophysics - Undergraduate Foundation ProgrammeAstrophysics - Undergraduate Foundation ProgrammeThe University of Lancashire,N/A,Provided by university,"3,912,716 NPR / full",Preston,United Kingdom,9 months
https://www.bachelorsportal.com/studies/98143/construction-engineering-technology.html?ref=search_card,Construction Engineering TechnologyConstruction Engineering TechnologyThe University of Maine,N/A,,"5,573,148 NPR / year",Orono,United States,4 years
https://www.bachelorsportal.com/studies/421848/politics-undergraduate-foundation-programme.html?ref=search_card,Politics - Undergraduate Foundation ProgrammePolitics - Undergraduate Foundation ProgrammeThe University of Lancashire,N/A,Provided by university,"3,498,641 NPR / full",Preston,United Kingdom,9 months
https://www.bachelorsportal.com/studies/284926/computer-games-development-undergraduate-foundation-programme.html?ref=search_card,Computer Games Development - Undergraduate Foundation ProgrammeComputer Games Development - Undergraduate Foundation ProgrammeThe University of Lancashire,N/A,Provided by university,"3,912,716 NPR / full",Preston,United Kingdom,9 months
https://www.bachelorsportal.com/studies/320073/political-communication.html?ref=search_card,Political CommunicationPolitical CommunicationUniversity of Canterbury,N/A,Provided by university,"3,128,455 NPR / year",Christchurch,New Zealand,3 years
https://www.bachelorsportal.com/studies/484764/business-administration-international.html?ref=search_card,Business Administration - InternationalAmity University Noida,N/A,,"1,105,184 NPR / year",Noida,India,3 years
https://www.bachelorsportal.com/studies/101432/information-and-communication-technology.html?ref=search_card,Information and Communication TechnologyInformation and Communication TechnologyUniversity of Tasmania,N/A,Provided by university,"4,133,004 NPR / year",Hobart,Australia,3 years
https://www.bachelorsportal.com/studies/425329/sociology-undergraduate-foundation-programme.html?ref=search_card,"Sociology - Undergraduate Foundation ProgrammeSociology - Undergraduate Foundation ProgrammeGoldsmiths, University of London",N/A,,"4,488,822 NPR / full",London,United Kingdom,9 months
https://www.bachelorsportal.com/studies/284949/physics-undergraduate-foundation-programme.html?ref=search_card,Physics - Undergraduate Foundation ProgrammePhysics - Undergraduate Foundation ProgrammeThe University of Lancashire,N/A,Provided by university,"3,912,716 NPR / full",Preston,United Kingdom,9 months
https://www.bachelorsportal.com/studies/463468/fashion-design-lateral-entry.html?ref=search_card,Fashion Design - Lateral EntryFashion Design - Lateral EntryManipal Academy of Higher Education,N/A,Provided by university,"2,388,276 NPR / year",Manipal,India,3 years
https://www.bachelorsportal.com/studies/492352/medical-microbiology-and-immunology.html?ref=search_card,Medical Microbiology and Immunology (Honours - Honours with Research)Amity University Noida,N/A,,"330,120 NPR / year",Noida,India,4 years
https://www.bachelorsportal.com/studies/371562/electrical-engineering-e-mobility-and-autonomous-driving.html?ref=search_card,Electrical Engineering - E-Mobility and Autonomous DrivingTechnische Hochschule Mannheim - Technical University of Applied Sciences Mannheim,N/A,,"521,049 NPR / year",Mannheim,Germany,3½ years
https://www.bachelorsportal.com/studies/304922/digital-marketing.html?ref=search_card,Digital MarketingGBSB Global Business School,N/A,,"2,414,194 NPR / year",Birkirkara,Malta,3 years
https://www.bachelorsportal.com/studies/425302/anthropology-and-media-undergraduate-foundation-programme.html?ref=search_card,"Anthropology and Media - Undergraduate Foundation ProgrammeAnthropology and Media - Undergraduate Foundation ProgrammeGoldsmiths, University of London",N/A,,"4,488,822 NPR / full",London,United Kingdom,9 months
https://www.bachelorsportal.com/studies/317462/medical-sciences.html?ref=search_card,Medical SciencesMedical SciencesUniversity of Idaho,N/A,,"4,501,598 NPR / year",Moscow,United States,4 years
https://www.bachelorsportal.com/studies/325340/sport-and-exercise-science.html?ref=search_card,Sport and Exercise Science (Hons)Sport and Exercise Science (Hons)Bangor University,N/A,Provided by university,"3,800,696 NPR / year",Bangor,United Kingdom,3 years
https://www.bachelorsportal.com/studies/342744/business-marketing.html?ref=search_card,Business - MarketingBusiness - MarketingSeneca Polytechnic,N/A,,"1,932,231 NPR / year",Toronto,Canada,2 years
https://www.bachelorsportal.com/studies/452470/finance-undergraduate-foundation-programme.html?ref=search_card,Finance - Undergraduate Foundation ProgrammeFinance - Undergraduate Foundation ProgrammeQueen Mary University of London,N/A,Provided by university,"4,488,822 NPR / full",London,United Kingdom,9 months
https://www.bachelorsportal.com/studies/482327/business-bachelor-in-cybersecurity.html?ref=search_card,Business Bachelor in CybersecurityGBSB Global Business School,Bachelor,,"2,414,194 NPR / year",Madrid,Spain,3 years
https://www.bachelorsportal.com/studies/491736/medical-sciences-undergraduate-foundation-programme.html?ref=search_card,Medical Sciences - Undergraduate Foundation ProgrammeMedical Sciences - Undergraduate Foundation ProgrammeThe University of Lancashire,N/A,Provided by university,"3,912,716 NPR / full",Preston,United Kingdom,9 months
https://www.bachelorsportal.com/studies/320120/tauwhitinga-maori-maori-communication-strategy-and-practice.html?ref=search_card,Tauwhitinga Maori - Maori Communication Strategy and PracticeTauwhitinga Maori - Maori Communication Strategy and PracticeUniversity of Canterbury,N/A,Provided by university,"3,128,455 NPR / year",Christchurch,New Zealand,3 years
https://www.bachelorsportal.com/studies/483084/arts-economics.html?ref=search_card,Arts - EconomicsThe University of Sydney,N/A,Provided by university,"5,431,357 NPR / year",Sydney,Australia,3 years
https://www.bachelorsportal.com/studies/320012/finance.html?ref=search_card,FinanceFinanceUniversity of Canterbury,N/A,Provided by university,"3,728,184 NPR / year",Christchurch,New Zealand,3 years
https://www.bachelorsportal.com/studies/303365/education-studies-undergraduate-foundation-programme.html?ref=search_card,Education Studies - Undergraduate Foundation ProgrammeEducation Studies - Undergraduate Foundation ProgrammeThe University of Lancashire,N/A,Provided by university,"3,498,641 NPR / full",Preston,United Kingdom,9 months
https://www.bachelorsportal.com/studies/319964/computational-linguistics.html?ref=search_card,Computational LinguisticsComputational LinguisticsUniversity of Canterbury,N/A,Provided by university,"3,641,643 NPR / year",Christchurch,New Zealand,3 years
https://www.bachelorsportal.com/studies/319961/bioinformatics.html?ref=search_card,BioinformaticsBioinformaticsUniversity of Canterbury,N/A,Provided by university,"3,641,643 NPR / year",Christchurch,New Zealand,3 years
https://www.bachelorsportal.com/studies/103369/russian.html?ref=search_card,RussianRussianUniversity of Canterbury,N/A,Provided by university,"3,018,548 NPR / year",Christchurch,New Zealand,3 years
https://www.bachelorsportal.com/studies/492392/medical-degree-undergraduate-foundation-programme.html?ref=search_card,Medical Degree - Undergraduate Foundation ProgrammeMedical Degree - Undergraduate Foundation ProgrammeSt. George's University,N/A,,"3,912,716 NPR / full",St. George's,Grenada,9 months
https://www.bachelorsportal.com/studies/308969/politics-philosophy-and-economics.html?ref=search_card,"Politics, Philosophy and EconomicsPolitics, Philosophy and EconomicsSOAS University of London",N/A,Provided by university,"4,574,838 NPR / year",London,United Kingdom,3 years
https://www.bachelorsportal.com/studies/482330/smart-cities-and-real-estate.html?ref=search_card,Smart Cities and Real EstateGBSB Global Business School,N/A,,"2,414,194 NPR / year",Madrid,Spain,3 years
https://www.bachelorsportal.com/studies/474455/cardiovascular-technology.html?ref=search_card,Cardiovascular TechnologyCardiovascular TechnologyManipal Academy of Higher Education,N/A,Provided by university,"495,038 NPR / year",Manipal,India,4 years
https://www.bachelorsportal.com/studies/346496/business-administration-marketing.html?ref=search_card,Business Administration - MarketingBusiness Administration - MarketingThe University of Maine,N/A,,"1,229 USD/credit Based on the original amount of",Orono,United States,4 years
https://www.bachelorsportal.com/studies/103524/operations-and-supply-chain-management.html?ref=search_card,Operations and Supply Chain ManagementOperations and Supply Chain ManagementUniversity of Canterbury,N/A,Provided by university,"3,281,633 NPR / year",Christchurch,New Zealand,3 years
https://www.bachelorsportal.com/studies/492357/nutrition-and-dietetics.html?ref=search_card,Nutrition and Dietetics (Honours - Honours with Research)Amity University Noida,N/A,,"435,376 NPR / year",Noida,India,4 years
https://www.bachelorsportal.com/studies/452597/undergraduate-foundation-programme-life-sciences.html?ref=search_card,Undergraduate Foundation Programme - Life SciencesUndergraduate Foundation Programme - Life SciencesQueen Mary University of London,N/A,Provided by university,"4,596,842 NPR / full",London,United Kingdom,9 months
https://www.bachelorsportal.com/studies/492378/zoology.html?ref=search_card,Zoology (Honours - Honours with Research)Amity University Noida,N/A,,"330,120 NPR / year",Noida,India,4 years
https://www.bachelorsportal.com/studies/490081/data-science-and-computing-undergraduate-foundation-programme.html?ref=search_card,"Data Science and Computing - Undergraduate Foundation ProgrammeData Science and Computing - Undergraduate Foundation ProgrammeBirkbeck, University of London",N/A,,"4,626,847 NPR / full",London,United Kingdom,9 months
https://www.bachelorsportal.com/studies/369249/journalism-and-mass-communication.html?ref=search_card,Journalism and Mass Communication (Hons)Journalism and Mass Communication (Hons)Manipal Academy of Higher Education,N/A,Provided by university,"488,690 NPR / year",Bangalore,India,3 years
https://www.bachelorsportal.com/studies/284945/software-engineering-undergraduate-foundation-programme.html?ref=search_card,Software Engineering - Undergraduate Foundation ProgrammeSoftware Engineering - Undergraduate Foundation ProgrammeThe University of Lancashire,N/A,Provided by university,"3,912,716 NPR / full",Preston,United Kingdom,9 months
https://www.bachelorsportal.com/studies/493320/spanish-with-research.html?ref=search_card,Spanish with Research (Honours)Amity University Noida,N/A,,"224,864 NPR / year",Noida,India,4 years
https://www.bachelorsportal.com/studies/490070/sociology-undergraduate-foundation-programme.html?ref=search_card,"Sociology - Undergraduate Foundation ProgrammeSociology - Undergraduate Foundation ProgrammeBirkbeck, University of London",N/A,,"4,626,847 NPR / full",London,United Kingdom,9 months
https://www.bachelorsportal.com/studies/490058/art-history-with-curating-undergraduate-foundation-programme.html?ref=search_card,"Art History with Curating - Undergraduate Foundation ProgrammeArt History with Curating - Undergraduate Foundation ProgrammeBirkbeck, University of London",N/A,,"4,626,847 NPR / full",London,United Kingdom,9 months
https://www.bachelorsportal.com/studies/284863/media-and-tv-production-undergraduate-foundation-programme.html?ref=search_card,Media and TV Production - Undergraduate Foundation ProgrammeMedia and TV Production - Undergraduate Foundation ProgrammeThe University of Lancashire,N/A,Provided by university,"3,498,641 NPR / full",Preston,United Kingdom,9 months
https://www.bachelorsportal.com/studies/484769/science-international.html?ref=search_card,Science - InternationalAmity University Noida,N/A,,"1,105,184 NPR / year",Noida,India,4 years
https://www.bachelorsportal.com/studies/490057/art-history-and-language-undergraduate-foundation-programme.html?ref=search_card,"Art History and Language (French, German, Italian, Japanese, Korean, Spanish) - Undergraduate Foundation ProgrammeArt History and Language (French, German, Italian, Japanese, Korean, Spanish) - Undergraduate Foundation ProgrammeBirkbeck, University of London",N/A,,"4,626,847 NPR / full",London,United Kingdom,9 months
https://www.bachelorsportal.com/studies/309366/accountancy.html?ref=search_card,AccountancyAccountancyBrunel University of London,N/A,Provided by university,"4,080,747 NPR / year",London,United Kingdom,3 years
https://www.bachelorsportal.com/studies/421078/filmmaking-undergraduate-foundation-programme.html?ref=search_card,Filmmaking - Undergraduate Foundation ProgrammeFilmmaking - Undergraduate Foundation ProgrammeThe University of Lancashire,N/A,Provided by university,"3,498,641 NPR / full",Preston,United Kingdom,9 months
https://www.bachelorsportal.com/studies/425311/education-culture-and-society-undergraduate-foundation-programme.html?ref=search_card,"Education, Culture and Society - Undergraduate Foundation ProgrammeEducation, Culture and Society - Undergraduate Foundation ProgrammeGoldsmiths, University of London",N/A,,"4,488,822 NPR / full",London,United Kingdom,9 months
https://www.bachelorsportal.com/studies/284954/games-development-undergraduate-foundation-programme.html?ref=search_card,Games Development - Undergraduate Foundation ProgrammeGames Development - Undergraduate Foundation ProgrammeThe University of Lancashire,N/A,Provided by university,"3,912,716 NPR / full",Preston,United Kingdom,9 months
https://www.bachelorsportal.com/studies/180739/respiratory-therapy.html?ref=search_card,Respiratory TherapyRespiratory TherapyManipal Academy of Higher Education,N/A,Provided by university,"744,447 NPR / year",Manipal,India,4 years
https://www.bachelorsportal.com/studies/490090/environmental-management-undergraduate-foundation-programme.html?ref=search_card,"Environmental Management - Undergraduate Foundation ProgrammeEnvironmental Management - Undergraduate Foundation ProgrammeBirkbeck, University of London",N/A,,"4,626,847 NPR / full",London,United Kingdom,9 months
https://www.bachelorsportal.com/studies/303243/business-psychology-undergraduate-foundation-programme.html?ref=search_card,"Business Psychology - Undergraduate Foundation ProgrammeBusiness Psychology - Undergraduate Foundation ProgrammeBirkbeck, University of London",N/A,,"4,626,847 NPR / full",London,United Kingdom,9 months
https://www.bachelorsportal.com/studies/99009/engineering-physics.html?ref=search_card,Engineering PhysicsEngineering PhysicsThe University of Maine,N/A,,"5,573,148 NPR / year",Orono,United States,4 years
https://www.bachelorsportal.com/studies/284976/forensic-science-and-criminal-investigation-undergraduate-foundation-programme.html?ref=search_card,Forensic Science and Criminal Investigation - Undergraduate Foundation ProgrammeForensic Science and Criminal Investigation - Undergraduate Foundation ProgrammeThe University of Lancashire,N/A,Provided by university,"3,912,716 NPR / full",Preston,United Kingdom,9 months
https://www.bachelorsportal.com/studies/369249/journalism-and-mass-communication.html?ref=search_card,Journalism and Mass Communication (Hons)Journalism and Mass Communication (Hons)Manipal Academy of Higher Education,N/A,Provided by university,"488,690 NPR / year",Bangalore,India,3 years
https://www.bachelorsportal.com/studies/482320/business-bachelor-in-cybersecurity.html?ref=search_card,Business Bachelor in CybersecurityGBSB Global Business School,Bachelor,,"2,414,194 NPR / year",Birkirkara,Malta,3 years
https://www.bachelorsportal.com/studies/303410/archaeology-undergraduate-foundation-programme.html?ref=search_card,Archaeology - Undergraduate Foundation ProgrammeArchaeology - Undergraduate Foundation ProgrammeThe University of Lancashire,N/A,Provided by university,"3,912,716 NPR / full",Preston,United Kingdom,9 months
https://www.bachelorsportal.com/studies/427540/history-undergraduate-foundation-programme.html?ref=search_card,History - Undergraduate Foundation ProgrammeHistory - Undergraduate Foundation ProgrammeRoyal Holloway University of London,N/A,,"4,488,822 NPR / full",London,United Kingdom,9 months
https://www.bachelorsportal.com/studies/462720/marketing-management.html?ref=search_card,Marketing ManagementMarketing ManagementManipal Academy of Higher Education,N/A,Provided by university,"856,454 NPR / year",Manipal,India,3 years
https://www.bachelorsportal.com/studies/487946/chemistry-undergraduate-foundation-programme.html?ref=search_card,Chemistry (with Year in Industry - Research) - Undergraduate Foundation ProgrammeChemistry (with Year in Industry - Research) - Undergraduate Foundation ProgrammeQueen Mary University of London,N/A,Provided by university,"4,596,842 NPR / full",London,United Kingdom,9 months
https://www.bachelorsportal.com/studies/467386/anthropology.html?ref=search_card,Anthropology (Hons)Anthropology (Hons)University College Cork,N/A,Provided by university,"3,213,136 NPR / year",Cork,Ireland,3 years
https://www.bachelorsportal.com/studies/492471/acting.html?ref=search_card,Acting (Honours - Honours with Research)Amity University Noida,N/A,,"401,885 NPR / year",Noida,India,4 years
https://www.bachelorsportal.com/studies/421067/business-and-human-resource-management-undergraduate-foundation-programme.html?ref=search_card,Business and Human Resource Management - Undergraduate Foundation ProgrammeBusiness and Human Resource Management - Undergraduate Foundation ProgrammeThe University of Lancashire,N/A,Provided by university,"3,498,641 NPR / full",Preston,United Kingdom,9 months
https://www.bachelorsportal.com/studies/490058/art-history-with-curating-undergraduate-foundation-programme.html?ref=search_card,"Art History with Curating - Undergraduate Foundation ProgrammeArt History with Curating - Undergraduate Foundation ProgrammeBirkbeck, University of London",N/A,,"4,626,847 NPR / full",London,United Kingdom,9 months
https://www.bachelorsportal.com/studies/455168/creative-music-technology.html?ref=search_card,Creative Music TechnologyCreative Music TechnologyUniversity of Canterbury,N/A,Provided by university,"3,418,367 NPR / year",Christchurch,New Zealand,3 years
https://www.bachelorsportal.com/studies/356851/computer-science-artificial-intelligence.html?ref=search_card,Computer Science - Artificial IntelligenceComputer Science - Artificial IntelligenceFull Sail University,N/A,Provided by university,"1,465,011 NPR / year",Winter Park,United States,"1 year, 1 month"
https://www.bachelorsportal.com/studies/306664/community-and-criminal-justice.html?ref=search_card,Community and Criminal Justice (Honours)Community and Criminal Justice (Honours)Conestoga College,N/A,,"1,684,871 NPR / year",Kitchener,Canada,4 years
https://www.bachelorsportal.com/studies/455167/creative-industries-and-contemporary-practice.html?ref=search_card,Creative Industries and Contemporary PracticeCreative Industries and Contemporary PracticeUniversity of Canterbury,N/A,Provided by university,"3,018,548 NPR / year",Christchurch,New Zealand,3 years
https://www.bachelorsportal.com/studies/452556/computer-science-undergraduate-foundation-programme.html?ref=search_card,Computer Science - Undergraduate Foundation ProgrammeComputer Science - Undergraduate Foundation ProgrammeQueen Mary University of London,N/A,Provided by university,"4,596,842 NPR / full",London,United Kingdom,9 months
https://www.bachelorsportal.com/studies/426717/accounting-and-finance-undergraduate-foundation-programme.html?ref=search_card,Accounting and Finance  - Undergraduate Foundation ProgrammeAccounting and Finance - Undergraduate Foundation ProgrammeRoyal Holloway University of London,N/A,,"4,488,822 NPR / full",London,United Kingdom,9 months
https://www.bachelorsportal.com/studies/445238/logistics-and-supply-chain-management.html?ref=search_card,Logistics and Supply Chain ManagementLogistics and Supply Chain ManagementTrent University,N/A,,"3,587,311 NPR / year",Oshawa,Canada,4 years
https://www.bachelorsportal.com/studies/320064/natural-resources-engineering.html?ref=search_card,Natural Resources Engineering (Hons)Natural Resources Engineering (Hons)University of Canterbury,N/A,Provided by university,"4,106,368 NPR / year",Christchurch,New Zealand,4 years
https://www.bachelorsportal.com/studies/489099/undergraduate-foundation-programme.html?ref=search_card,Undergraduate Foundation ProgrammeUndergraduate Foundation ProgrammeRoyal Holloway University of London,N/A,,"4,488,822 NPR / full",London,United Kingdom,9 months
https://www.bachelorsportal.com/studies/452583/theoretical-physics-undergraduate-foundation-programme.html?ref=search_card,Theoretical Physics - Undergraduate Foundation ProgrammeTheoretical Physics - Undergraduate Foundation ProgrammeQueen Mary University of London,N/A,Provided by university,"4,596,842 NPR / full",London,United Kingdom,9 months
https://www.bachelorsportal.com/studies/493317/sociology-with-research.html?ref=search_card,Sociology with Research (Honours)Amity University Noida,N/A,,"344,473 NPR / year",Noida,India,4 years
https://www.bachelorsportal.com/studies/492499/game-design-and-development.html?ref=search_card,Game Design and DevelopmentAmity University Noida,N/A,,"401,885 NPR / year",Noida,India,3 years
https://www.bachelorsportal.com/studies/452521/aerospace-engineering-undergraduate-foundation-programme.html?ref=search_card,Aerospace Engineering - Undergraduate Foundation ProgrammeAerospace Engineering - Undergraduate Foundation ProgrammeQueen Mary University of London,N/A,Provided by university,"4,596,842 NPR / full",London,United Kingdom,9 months
https://www.bachelorsportal.com/studies/491739/physiotherapy-undergraduate-foundation-programme.html?ref=search_card,Physiotherapy - Undergraduate Foundation ProgrammePhysiotherapy - Undergraduate Foundation ProgrammeThe University of Lancashire,N/A,Provided by university,"3,912,716 NPR / full",Preston,United Kingdom,9 months
https://www.bachelorsportal.com/studies/425342/sociology-with-criminology-undergraduate-foundation-programme.html?ref=search_card,"Sociology with Criminology - Undergraduate Foundation ProgrammeSociology with Criminology - Undergraduate Foundation ProgrammeGoldsmiths, University of London",N/A,,"4,488,822 NPR / full",London,United Kingdom,9 months
https://www.bachelorsportal.com/studies/124144/digital-arts-and-design.html?ref=search_card,Digital Arts and DesignDigital Arts and DesignFull Sail University,N/A,Provided by university,"13,301,791 NPR / full",Winter Park,United States,9 months
https://www.bachelorsportal.com/studies/96814/biology.html?ref=search_card,Biology (Hons)Biology (Hons)Toronto Metropolitan University,N/A,Provided by university,"4,002,874 NPR / year",Toronto,Canada,4 years
https://www.bachelorsportal.com/studies/425309/drama-and-theatre-arts-undergraduate-foundation-programme.html?ref=search_card,N/A,N/A,N/A,N/A,N/A,N/A,N/A
https://www.bachelorsportal.com/studies/346530/ecology-and-environmental-sciences-ecosystem-ecology-concentration-forest-ecology.html?ref=search_card,Ecology and Environmental Sciences- Ecosystem Ecology Concentration - Forest EcologyEcology and Environmental Sciences- Ecosystem Ecology Concentration - Forest EcologyThe University of Maine,N/A,,"1,229 USD/credit Based on the original amount of",Orono,United States,4 years
https://www.bachelorsportal.com/studies/426713/economics-with-german-undergraduate-foundation-programme.html?ref=search_card,Economics with German - Undergraduate Foundation ProgrammeEconomics with German - Undergraduate Foundation ProgrammeRoyal Holloway University of London,N/A,,"4,488,822 NPR / full",London,United Kingdom,9 months
https://www.bachelorsportal.com/studies/304923/digital-communication-and-pr.html?ref=search_card,Digital Communication and PRGBSB Global Business School,N/A,,"2,414,194 NPR / year",Birkirkara,Malta,3 years
https://www.bachelorsportal.com/studies/492482/business-economics.html?ref=search_card,Business Economics (Honours)Amity University Noida,N/A,,"502,356 NPR / year",Noida,India,3 years
https://www.bachelorsportal.com/studies/452716/global-law-university-of-london-international-foundation-programme.html?ref=search_card,Global Law - University of London International Foundation ProgrammeGlobal Law - University of London International Foundation ProgrammeRoyal Veterinary College,N/A,,"4,734,867 NPR / full",London,United Kingdom,9 months
https://www.bachelorsportal.com/studies/455291/physical-activity.html?ref=search_card,Physical ActivityPhysical ActivityUniversity of Canterbury,N/A,Provided by university,"3,632,556 NPR / year",Christchurch,New Zealand,3 years
https://www.bachelorsportal.com/studies/428495/molecular-biology-and-environmental-change-undergraduate-foundation-programme.html?ref=search_card,Molecular Biology and Environmental Change - Undergraduate Foundation ProgrammeMolecular Biology and Environmental Change - Undergraduate Foundation ProgrammeRoyal Holloway University of London,N/A,,"4,596,842 NPR / full",London,United Kingdom,9 months
https://www.bachelorsportal.com/studies/342740/business.html?ref=search_card,BusinessBusinessSeneca Polytechnic,N/A,,"1,873,843 NPR / year",Toronto,Canada,2 years
https://www.bachelorsportal.com/studies/452479/english-and-european-law-undergraduate-foundation-programme.html?ref=search_card,English and European Law - Undergraduate Foundation ProgrammeEnglish and European Law - Undergraduate Foundation ProgrammeQueen Mary University of London,N/A,Provided by university,"4,488,822 NPR / full",London,United Kingdom,9 months
https://www.bachelorsportal.com/studies/452565/mathematics-and-statistics-undergraduate-foundation-programme.html?ref=search_card,Mathematics and Statistics - Undergraduate Foundation ProgrammeMathematics and Statistics - Undergraduate Foundation ProgrammeQueen Mary University of London,N/A,Provided by university,"4,596,842 NPR / full",London,United Kingdom,9 months
https://www.bachelorsportal.com/studies/452613/zoology-undergraduate-foundation-programme.html?ref=search_card,Zoology - Undergraduate Foundation ProgrammeZoology - Undergraduate Foundation ProgrammeQueen Mary University of London,N/A,Provided by university,"4,596,842 NPR / full",London,United Kingdom,9 months
https://www.bachelorsportal.com/studies/180726/cardiovascular-technology.html?ref=search_card,Cardiovascular TechnologyCardiovascular TechnologyManipal Academy of Higher Education,N/A,Provided by university,"880,488 NPR / year",Manipal,India,4 years
https://www.bachelorsportal.com/studies/306658/applied-health-information-science.html?ref=search_card,Applied Health Information Science (Honours)Applied Health Information Science (Honours)Conestoga College,N/A,,"1,684,871 NPR / year",Kitchener,Canada,4 years
https://www.bachelorsportal.com/studies/303298/psychosocial-studies-undergraduate-foundation-programme.html?ref=search_card,"Psychosocial Studies - Undergraduate Foundation ProgrammePsychosocial Studies - Undergraduate Foundation ProgrammeBirkbeck, University of London",N/A,,"4,626,847 NPR / full",London,United Kingdom,9 months
https://www.bachelorsportal.com/studies/426973/management-with-international-business-undergraduate-foundation-programme.html?ref=search_card,Management with International Business (Year in Business) - Undergraduate Foundation ProgrammeManagement with International Business (Year in Business) - Undergraduate Foundation ProgrammeRoyal Holloway University of London,N/A,,"4,488,822 NPR / full",London,United Kingdom,9 months
https://www.bachelorsportal.com/studies/426984/computer-science-undergraduate-foundation-programme.html?ref=search_card,Computer Science (Software Engineering) - Undergraduate Foundation ProgrammeComputer Science (Software Engineering) - Undergraduate Foundation ProgrammeRoyal Holloway University of London,N/A,,"4,596,842 NPR / full",London,United Kingdom,9 months
https://www.bachelorsportal.com/studies/490056/art-history-undergraduate-foundation-programme.html?ref=search_card,"Art History - Undergraduate Foundation ProgrammeArt History - Undergraduate Foundation ProgrammeBirkbeck, University of London",N/A,,"4,626,847 NPR / full",London,United Kingdom,9 months
https://www.bachelorsportal.com/studies/422288/sports-therapy-undergraduate-foundation-programme.html?ref=search_card,Sports Therapy - Undergraduate Foundation ProgrammeSports Therapy - Undergraduate Foundation ProgrammeThe University of Lancashire,N/A,Provided by university,"3,912,716 NPR / full",Preston,United Kingdom,9 months
https://www.bachelorsportal.com/studies/48902/environmental-science.html?ref=search_card,Environmental Science (Hons)Environmental Science (Hons)Bangor University,N/A,Provided by university,"4,000,733 NPR / year",Bangor,United Kingdom,3 years
https://www.bachelorsportal.com/studies/364341/animal-and-veterinary-science-production.html?ref=search_card,Animal and Veterinary Science - ProductionAnimal and Veterinary Science - ProductionUniversity of Idaho,N/A,,"4,501,598 NPR / year",Moscow,United States,4 years
https://www.bachelorsportal.com/studies/490100/mathematics-with-accounting-undergraduate-foundation-programme.html?ref=search_card,"Mathematics with Accounting - Undergraduate Foundation ProgrammeMathematics with Accounting - Undergraduate Foundation ProgrammeBirkbeck, University of London",N/A,,"4,626,847 NPR / full",London,United Kingdom,9 months
https://www.bachelorsportal.com/studies/458569/computer-science.html?ref=search_card,Computer ScienceComputer ScienceBangor University,N/A,Provided by university,"4,000,733 NPR / year",Bangor,United Kingdom,4 years
https://www.bachelorsportal.com/studies/349253/computer-communications-and-electronic-engineering.html?ref=search_card,"Computer, Communications and Electronic Engineering (ICE)University of Trento",N/A,,"781,574 NPR / year",Trento,Italy,3 years
https://www.bachelorsportal.com/studies/455298/screenwriting.html?ref=search_card,Screenwriting (Hons)Screenwriting (Hons)University of Canterbury,N/A,Provided by university,"4,184,255 NPR / year",Christchurch,New Zealand,4 years
https://www.bachelorsportal.com/studies/180781/media-and-communication.html?ref=search_card,Media and CommunicationMedia and CommunicationManipal Academy of Higher Education,N/A,,"4,020,769 NPR / year",Dubai,United Arab Emirates,4 years
https://www.bachelorsportal.com/studies/463819/nursing.html?ref=search_card,NursingNursingManipal Academy of Higher Education,N/A,Provided by university,"778,457 NPR / year",Manipal,India,4 years
https://www.bachelorsportal.com/studies/492273/computer-science-undergraduate-foundation-programme.html?ref=search_card,"Computer Science - Undergraduate Foundation ProgrammeComputer Science - Undergraduate Foundation ProgrammeBirkbeck, University of London",N/A,,"4,734,867 NPR / full",London,United Kingdom,9 months
https://www.bachelorsportal.com/studies/487984/undergraduate-foundation-programme.html?ref=search_card,Undergraduate Foundation ProgrammeUndergraduate Foundation ProgrammeQueen Mary University of London,N/A,Provided by university,"4,488,822 NPR / full",London,United Kingdom,9 months
https://www.bachelorsportal.com/studies/426996/environmental-geology-undergraduate-foundation-programme.html?ref=search_card,Environmental Geology - Undergraduate Foundation ProgrammeEnvironmental Geology - Undergraduate Foundation ProgrammeRoyal Holloway University of London,N/A,,"4,596,842 NPR / full",London,United Kingdom,9 months
https://www.bachelorsportal.com/studies/482331/business-bachelor-in-cybersecurity.html?ref=search_card,Business Bachelor in CybersecurityGBSB Global Business School,Bachelor,,"2,414,194 NPR / year",Barcelona,Spain,3 years
https://www.bachelorsportal.com/studies/484766/business-administration-international.html?ref=search_card,Business Administration (International Business Artificial Intelligence) - InternationalAmity University Noida,N/A,,"1,105,184 NPR / year",Noida,India,3 years
https://www.bachelorsportal.com/studies/421395/education-and-history-undergraduate-foundation-programme.html?ref=search_card,Education and History - Undergraduate Foundation ProgrammeEducation and History - Undergraduate Foundation ProgrammeThe University of Lancashire,N/A,Provided by university,"3,498,641 NPR / full",Preston,United Kingdom,9 months
https://www.bachelorsportal.com/studies/97365/professional-communication.html?ref=search_card,Professional Communication (Hons)Professional Communication (Hons)Toronto Metropolitan University,N/A,Provided by university,"4,006,136 NPR / year",Toronto,Canada,4 years
https://www.bachelorsportal.com/studies/452461/economics-and-finance-undergraduate-foundation-programme.html?ref=search_card,Economics and Finance - Undergraduate Foundation ProgrammeEconomics and Finance - Undergraduate Foundation ProgrammeQueen Mary University of London,N/A,Provided by university,"4,488,822 NPR / full",London,United Kingdom,9 months
https://www.bachelorsportal.com/studies/427551/politics-philosophy-and-economics-undergraduate-foundation-programme.html?ref=search_card,"Politics, Philosophy and Economics - Undergraduate Foundation ProgrammePolitics, Philosophy and Economics - Undergraduate Foundation ProgrammeRoyal Holloway University of London",N/A,,"4,488,822 NPR / full",London,United Kingdom,9 months
https://www.bachelorsportal.com/studies/452573/law-university-of-london-international-foundation-programme.html?ref=search_card,Law - University of London International Foundation ProgrammeLaw - University of London International Foundation ProgrammeQueen Mary University of London,N/A,Provided by university,"4,734,867 NPR / full",London,United Kingdom,9 months
https://www.bachelorsportal.com/studies/462860/bachelor-of-commerce.html?ref=search_card,Bachelor of Commerce (Professional)Bachelor of Commerce (Professional)Manipal Academy of Higher Education,Bachelor,,"795,991 NPR / year",Dubai,United Arab Emirates,3 years
https://www.bachelorsportal.com/studies/137816/nursing.html?ref=search_card,NursingNursingTrent University,N/A,,"3,587,311 NPR / year",Peterborough,Canada,4 years
https://www.bachelorsportal.com/studies/284968/chemistry-undergraduate-foundation-programme.html?ref=search_card,Chemistry - Undergraduate Foundation ProgrammeChemistry - Undergraduate Foundation ProgrammeThe University of Lancashire,N/A,Provided by university,"3,912,716 NPR / full",Preston,United Kingdom,9 months
https://www.bachelorsportal.com/studies/489777/artificial-intelligence.html?ref=search_card,Artificial Intelligence (Hons)Artificial Intelligence (Hons)Kingston University,N/A,Provided by university,N/A,London,United Kingdom,3 years
https://www.bachelorsportal.com/studies/455311/teacher-education.html?ref=search_card,Teacher EducationTeacher EducationUniversity of Canterbury,N/A,Provided by university,"2,951,912 NPR / year",Christchurch,New Zealand,3 years
https://www.bachelorsportal.com/studies/103358/philosophy.html?ref=search_card,PhilosophyPhilosophyUniversity of Canterbury,N/A,Provided by university,"3,018,548 NPR / year",Christchurch,New Zealand,3 years
https://www.bachelorsportal.com/studies/473367/film.html?ref=search_card,FilmFilmManipal Academy of Higher Education,N/A,Provided by university,"2,473,831 NPR / year",Manipal,India,3 years
https://www.bachelorsportal.com/studies/422421/medical-degree-medicine-undergraduate-foundation-programme.html?ref=search_card,Medical Degree - Medicine Undergraduate Foundation ProgrammeMedical Degree - Medicine Undergraduate Foundation ProgrammeSt. George's University,N/A,,"5,791,060 NPR / full",St. George's,Grenada,9 months
https://www.bachelorsportal.com/studies/492427/automobile-engineering.html?ref=search_card,Automobile EngineeringAmity University Noida,N/A,,"837,261 NPR / year",Noida,India,4 years
https://www.bachelorsportal.com/studies/455289/philosophy-politics-and-economics.html?ref=search_card,"Philosophy, Politics and EconomicsPhilosophy, Politics and EconomicsUniversity of Canterbury",N/A,Provided by university,"3,018,548 NPR / year",Christchurch,New Zealand,3 years
https://www.bachelorsportal.com/studies/98232/marine-science.html?ref=search_card,Marine ScienceMarine ScienceThe University of Maine,N/A,,"1,229 USD/credit Based on the original amount of",Orono,United States,4 years
https://www.bachelorsportal.com/studies/425328/politics-philosophy-and-economics-undergraduate-foundation-programme.html?ref=search_card,"Politics, Philosophy and Economics - Undergraduate Foundation ProgrammePolitics, Philosophy and Economics - Undergraduate Foundation ProgrammeGoldsmiths, University of London",N/A,,"4,488,822 NPR / full",London,United Kingdom,9 months
https://www.bachelorsportal.com/studies/292187/sports-and-esports-management.html?ref=search_card,Sports and eSports ManagementGBSB Global Business School,N/A,,"2,414,194 NPR / year",Barcelona,Spain,3 years
https://www.bachelorsportal.com/studies/425310/economics-politics-and-public-policy-undergraduate-foundation-programme.html?ref=search_card,"Economics, Politics and Public Policy - Undergraduate Foundation ProgrammeEconomics, Politics and Public Policy - Undergraduate Foundation ProgrammeGoldsmiths, University of London",N/A,,"4,488,822 NPR / full",London,United Kingdom,9 months
https://www.bachelorsportal.com/studies/245980/forestry.html?ref=search_card,ForestryForestryThe University of Maine,N/A,,"1,229 USD/credit Based on the original amount of",Orono,United States,4 years
https://www.bachelorsportal.com/studies/421889/sports-coaching-and-performance-undergraduate-foundation-programme.html?ref=search_card,Sports Coaching and Performance - Undergraduate Foundation ProgrammeSports Coaching and Performance - Undergraduate Foundation ProgrammeThe University of Lancashire,N/A,Provided by university,"3,912,716 NPR / full",Preston,United Kingdom,9 months
https://www.bachelorsportal.com/studies/452489/film-studies-undergraduate-foundation-programme.html?ref=search_card,Film Studies - Undergraduate Foundation ProgrammeFilm Studies - Undergraduate Foundation ProgrammeQueen Mary University of London,N/A,Provided by university,"4,488,822 NPR / full",London,United Kingdom,9 months
https://www.bachelorsportal.com/studies/478250/ncuk-international-foundation-year.html?ref=search_card,NCUK International Foundation YearAsian Institute of Hospitality and Management (AIHM),N/A,,"1,813,881 NPR / year",Bangkok,Thailand,1 year
https://www.bachelorsportal.com/studies/455314/workplace-psychology.html?ref=search_card,Workplace PsychologyWorkplace PsychologyUniversity of Canterbury,N/A,Provided by university,"3,575,872 NPR / year",Christchurch,New Zealand,3 years
https://www.bachelorsportal.com/studies/452665/politics-and-sociology-undergraduate-foundation-programme.html?ref=search_card,Politics and Sociology - Undergraduate Foundation ProgrammePolitics and Sociology - Undergraduate Foundation ProgrammeQueen Mary University of London,N/A,Provided by university,"4,488,822 NPR / full",London,United Kingdom,9 months
https://www.bachelorsportal.com/studies/58045/undergraduate-foundation-programme-business-economics-finance-and-management.html?ref=search_card,"Undergraduate Foundation Programme – Business, Economics, Finance and ManagementUndergraduate Foundation Programme – Business, Economics, Finance and ManagementThe University of Lancashire",N/A,Provided by university,"3,498,641 NPR / full",Preston,United Kingdom,9 months
https://www.bachelorsportal.com/studies/304933/sports-and-esports-management.html?ref=search_card,Sports and eSports ManagementGBSB Global Business School,N/A,,"2,414,194 NPR / year",Birkirkara,Malta,3 years
https://www.bachelorsportal.com/studies/426987/computer-science-undergraduate-foundation-programme.html?ref=search_card,Computer Science (Information Security) - Undergraduate Foundation ProgrammeComputer Science (Information Security) - Undergraduate Foundation ProgrammeRoyal Holloway University of London,N/A,,"4,596,842 NPR / full",London,United Kingdom,9 months
https://www.bachelorsportal.com/studies/426759/management-with-digital-innovation-undergraduate-foundation-programme.html?ref=search_card,Management with Digital Innovation - Undergraduate Foundation ProgrammeManagement with Digital Innovation - Undergraduate Foundation ProgrammeRoyal Holloway University of London,N/A,,"4,488,822 NPR / full",London,United Kingdom,9 months
https://www.bachelorsportal.com/studies/427099/mathematics-with-statistics-undergraduate-foundation-programme.html?ref=search_card,Mathematics with Statistics - Undergraduate Foundation ProgrammeMathematics with Statistics - Undergraduate Foundation ProgrammeRoyal Holloway University of London,N/A,,"4,596,842 NPR / full",London,United Kingdom,9 months
https://www.bachelorsportal.com/studies/452717/law-university-of-london-international-foundation-programme.html?ref=search_card,Law - University of London International Foundation ProgrammeLaw - University of London International Foundation ProgrammeRoyal Veterinary College,N/A,,"4,734,867 NPR / full",London,United Kingdom,9 months
https://www.bachelorsportal.com/studies/346500/business-administration-business-information-systems.html?ref=search_card,Business Administration -  Business Information SystemsBusiness Administration - Business Information SystemsThe University of Maine,N/A,,"1,229 USD/credit Based on the original amount of",Orono,United States,4 years
https://www.bachelorsportal.com/studies/452600/biochemistry-undergraduate-foundation-programme.html?ref=search_card,Biochemistry (with Year in Industry - Research) - Undergraduate Foundation ProgrammeBiochemistry (with Year in Industry - Research) - Undergraduate Foundation ProgrammeQueen Mary University of London,N/A,Provided by university,"4,596,842 NPR / full",London,United Kingdom,9 months
https://www.bachelorsportal.com/studies/284831/business-and-marketing-undergraduate-foundation-programme.html?ref=search_card,Business and Marketing - Undergraduate Foundation ProgrammeBusiness and Marketing - Undergraduate Foundation ProgrammeThe University of Lancashire,N/A,Provided by university,"3,498,641 NPR / full",Preston,United Kingdom,9 months
https://www.bachelorsportal.com/studies/96871/computer-engineering.html?ref=search_card,Computer EngineeringComputer EngineeringToronto Metropolitan University,N/A,Provided by university,"4,590,231 NPR / year",Toronto,Canada,4 years
https://www.bachelorsportal.com/studies/422420/medicine-undergraduate-foundation-programme.html?ref=search_card,Medicine Undergraduate Foundation ProgrammeMedicine Undergraduate Foundation ProgrammeSt. George's University,N/A,,"5,791,060 NPR / full",St. George's,Grenada,9 months
https://www.bachelorsportal.com/studies/452612/psychology-undergraduate-foundation-programme.html?ref=search_card,Psychology - Undergraduate Foundation ProgrammePsychology - Undergraduate Foundation ProgrammeQueen Mary University of London,N/A,Provided by university,"4,596,842 NPR / full",London,United Kingdom,9 months
https://www.bachelorsportal.com/studies/303358/building-surveying-undergraduate-foundation-programme.html?ref=search_card,Building Surveying - Undergraduate Foundation ProgrammeBuilding Surveying - Undergraduate Foundation ProgrammeThe University of Lancashire,N/A,Provided by university,"3,912,716 NPR / full",Preston,United Kingdom,9 months
https://www.bachelorsportal.com/studies/492458/electrical-and-electronics-engineering.html?ref=search_card,Electrical and Electronics EngineeringAmity University Noida,N/A,,"746,358 NPR / year",Noida,India,4 years
https://www.bachelorsportal.com/studies/103305/media-and-communication.html?ref=search_card,Media and CommunicationMedia and CommunicationUniversity of Canterbury,N/A,Provided by university,"3,018,548 NPR / year",Christchurch,New Zealand,3 years
https://www.bachelorsportal.com/studies/429237/management-with-marketing-international-year-one.html?ref=search_card,Management with Marketing - International Year OneManagement with Marketing - International Year OneRoyal Holloway University of London,N/A,,"4,488,822 NPR / full",London,United Kingdom,9 months
https://www.bachelorsportal.com/studies/483923/bachelor-of-business.html?ref=search_card,Bachelor of Business (International Trade Major)Bachelor of Business (International Trade Major)Victoria University,Bachelor,Provided by university,"3,807,123 NPR / year",Melbourne,Australia,3 years
https://www.bachelorsportal.com/studies/491806/accounting-and-finance.html?ref=search_card,Accounting and Finance (Honours) (Integrated with ACCA)Amity University Noida,N/A,,"732,005 NPR / year",Noida,India,4 years
https://www.bachelorsportal.com/studies/319998/environmental-science.html?ref=search_card,Environmental Science (Hons)Environmental Science (Hons)University of Canterbury,N/A,Provided by university,"3,630,825 NPR / year",Christchurch,New Zealand,4 years
https://www.bachelorsportal.com/studies/492491/english.html?ref=search_card,English (Honours - Honours with Research)Amity University Noida,N/A,,"401,885 NPR / year",Noida,India,4 years
https://www.bachelorsportal.com/studies/96862/child-and-youth-care.html?ref=search_card,Child and Youth CareChild and Youth CareToronto Metropolitan University,N/A,Provided by university,"4,001,896 NPR / year",Toronto,Canada,4 years
https://www.bachelorsportal.com/studies/425317/history-and-politics-undergraduate-foundation-programme.html?ref=search_card,"History and Politics - Undergraduate Foundation ProgrammeHistory and Politics - Undergraduate Foundation ProgrammeGoldsmiths, University of London",N/A,,"4,488,822 NPR / full",London,United Kingdom,9 months
https://www.bachelorsportal.com/studies/426755/management-with-corporate-responsibility-undergraduate-foundation-programme.html?ref=search_card,Management with Corporate Responsibility - Undergraduate Foundation ProgrammeManagement with Corporate Responsibility - Undergraduate Foundation ProgrammeRoyal Holloway University of London,N/A,,"4,488,822 NPR / full",London,United Kingdom,9 months
https://www.bachelorsportal.com/studies/320020/sculpture.html?ref=search_card,SculptureSculptureUniversity of Canterbury,N/A,Provided by university,"3,499,283 NPR / year",Christchurch,New Zealand,4 years
https://www.bachelorsportal.com/studies/422408/medicine-undergraduate-foundation-programme.html?ref=search_card,Medicine Undergraduate Foundation ProgrammeMedicine Undergraduate Foundation ProgrammeRoyal College of Surgeons in Ireland,N/A,,"5,791,060 NPR / full",Dublin,Ireland,9 months
https://www.bachelorsportal.com/studies/492503/geography.html?ref=search_card,Geography (Honours - Honours with Research)Amity University Noida,N/A,,"344,473 NPR / year",Noida,India,4 years
https://www.bachelorsportal.com/studies/320050/mathematics.html?ref=search_card,MathematicsMathematicsUniversity of Canterbury,N/A,Provided by university,"3,728,184 NPR / year",Christchurch,New Zealand,3 years
https://www.bachelorsportal.com/studies/491738/pharmacology-undergraduate-foundation-programme.html?ref=search_card,Pharmacology - Undergraduate Foundation ProgrammePharmacology - Undergraduate Foundation ProgrammeThe University of Lancashire,N/A,Provided by university,"3,912,716 NPR / full",Preston,United Kingdom,9 months
https://www.bachelorsportal.com/studies/246316/electrical-engineering.html?ref=search_card,Electrical EngineeringElectrical EngineeringThe University of Maine,N/A,,"1,229 USD/credit Based on the original amount of",Orono,United States,4 years
https://www.bachelorsportal.com/studies/342985/computer-programming-and-analysis.html?ref=search_card,Computer Programming and AnalysisComputer Programming and AnalysisSeneca Polytechnic,N/A,,"1,940,277 NPR / year",Toronto,Canada,3 years
https://www.bachelorsportal.com/studies/476302/digital-media-production.html?ref=search_card,Digital Media ProductionDigital Media ProductionManipal Academy of Higher Education,N/A,Provided by university,"581,953 NPR / year",Bangalore,India,3 years
https://www.bachelorsportal.com/studies/450718/physiotherapy-undergraduate-foundation-programme.html?ref=search_card,"Physiotherapy - Undergraduate Foundation ProgrammePhysiotherapy - Undergraduate Foundation ProgrammeCity St George's, University of London",N/A,,"4,596,842 NPR / full",London,United Kingdom,9 months
https://www.bachelorsportal.com/studies/495009/subsidiary-diploma.html?ref=search_card,Subsidiary DiplomaAsian Institute of Hospitality and Management (AIHM),N/A,,"1,420,385 NPR / year",Bangkok,Thailand,1 year
https://www.bachelorsportal.com/studies/426706/undergraduate-foundation-programme-life-sciences.html?ref=search_card,Undergraduate Foundation Programme - Life SciencesUndergraduate Foundation Programme - Life SciencesRoyal Holloway University of London,N/A,,"4,596,842 NPR / full",London,United Kingdom,9 months
https://www.bachelorsportal.com/studies/474394/medical-laboratory-technology.html?ref=search_card,Medical Laboratory Technology (Lateral)Medical Laboratory Technology (Lateral)Manipal Academy of Higher Education,N/A,Provided by university,"322,417 NPR / year",Bangalore,India,3 years
https://www.bachelorsportal.com/studies/180723/physiotherapy.html?ref=search_card,PhysiotherapyPhysiotherapyManipal Academy of Higher Education,N/A,Provided by university,"1,000,960 NPR / year",Manipal,India,4½ years
https://www.bachelorsportal.com/studies/97356/politics-and-governance.html?ref=search_card,Politics and Governance (Hons)Politics and Governance (Hons)Toronto Metropolitan University,N/A,Provided by university,"4,003,201 NPR / year",Toronto,Canada,4 years
https://www.bachelorsportal.com/studies/292211/digital-entrepreneurship.html?ref=search_card,Digital Entrepreneurship (Online)GBSB Global Business School,N/A,,"1,545,779 NPR / year",Barcelona,Spain,3 years
https://www.bachelorsportal.com/studies/351282/data-science.html?ref=search_card,Data ScienceData ScienceVictoria University,N/A,Provided by university,"3,620,905 NPR / year",Melbourne,Australia,3 years
https://www.bachelorsportal.com/studies/455302/sport-marketing-and-management.html?ref=search_card,Sport Marketing and ManagementSport Marketing and ManagementUniversity of Canterbury,N/A,Provided by university,"3,093,839 NPR / year",Christchurch,New Zealand,3 years
https://www.bachelorsportal.com/studies/303362/asia-pacific-studies-undergraduate-foundation-programme.html?ref=search_card,Asia Pacific Studies - Undergraduate Foundation ProgrammeAsia Pacific Studies - Undergraduate Foundation ProgrammeThe University of Lancashire,N/A,Provided by university,"3,498,641 NPR / full",Preston,United Kingdom,9 months
https://www.bachelorsportal.com/studies/452639/university-of-london-international-foundation-programme.html?ref=search_card,University of London International Foundation ProgrammeUniversity of London International Foundation ProgrammeQueen Mary University of London,N/A,Provided by university,"4,734,867 NPR / full",London,United Kingdom,9 months
https://www.bachelorsportal.com/studies/97208/journalism.html?ref=search_card,JournalismJournalismToronto Metropolitan University,N/A,Provided by university,"4,006,136 NPR / year",Toronto,Canada,4 years
https://www.bachelorsportal.com/studies/483595/computer-science-and-design.html?ref=search_card,Computer Science and DesignWorld University of Design,N/A,,"1,027,040 NPR / year",Sonipat,India,4 years
https://www.bachelorsportal.com/studies/426975/management-with-marketing-undergraduate-foundation-programme.html?ref=search_card,Management with Marketing (Year in Business) - Undergraduate Foundation ProgrammeManagement with Marketing (Year in Business) - Undergraduate Foundation ProgrammeRoyal Holloway University of London,N/A,,"4,488,822 NPR / full",London,United Kingdom,9 months
https://www.bachelorsportal.com/studies/484770/technology-international.html?ref=search_card,Technology - InternationalAmity University Noida,N/A,,"1,105,184 NPR / year",Noida,India,4 years
https://www.bachelorsportal.com/studies/474551/master-of-dialysis-therapy.html?ref=search_card,Master of Dialysis TherapyMaster of Dialysis TherapyManipal Academy of Higher Education,Master,Provided by university,"358,997 NPR / year",Manipal,India,4 years
https://www.bachelorsportal.com/studies/425874/law-undergraduate-foundation-programme.html?ref=search_card,"Law - Undergraduate Foundation ProgrammeLaw - Undergraduate Foundation ProgrammeGoldsmiths, University of London",N/A,,"4,488,822 NPR / full",London,United Kingdom,9 months
https://www.bachelorsportal.com/studies/320123/psychology.html?ref=search_card,PsychologyPsychologyUniversity of Canterbury,N/A,Provided by university,"3,575,872 NPR / year",Christchurch,New Zealand,3 years
https://www.bachelorsportal.com/studies/455182/indigenous-narrative.html?ref=search_card,Indigenous NarrativeIndigenous NarrativeUniversity of Canterbury,N/A,Provided by university,"3,018,548 NPR / year",Christchurch,New Zealand,3 years
https://www.bachelorsportal.com/studies/452477/international-business-with-a-year-abroad-undergraduate-foundation-programme.html?ref=search_card,International Business with a Year Abroad - Undergraduate Foundation ProgrammeInternational Business with a Year Abroad - Undergraduate Foundation ProgrammeQueen Mary University of London,N/A,Provided by university,"4,488,822 NPR / full",London,United Kingdom,9 months
https://www.bachelorsportal.com/studies/426997/geography-undergraduate-foundation-programme.html?ref=search_card,Geography - Undergraduate Foundation ProgrammeGeography - Undergraduate Foundation ProgrammeRoyal Holloway University of London,N/A,,"4,596,842 NPR / full",London,United Kingdom,9 months
https://www.bachelorsportal.com/studies/491747/occupational-therapy-medicine-undergraduate-foundation-programme.html?ref=search_card,Occupational Therapy - Medicine Undergraduate Foundation ProgrammeOccupational Therapy - Medicine Undergraduate Foundation ProgrammeThe University of Lancashire,N/A,Provided by university,"5,791,060 NPR / full",Preston,United Kingdom,9 months
https://www.bachelorsportal.com/studies/492267/business-management-undergraduate-foundation-programme.html?ref=search_card,"Business Management - Undergraduate Foundation ProgrammeBusiness Management - Undergraduate Foundation ProgrammeBirkbeck, University of London",N/A,,"4,626,847 NPR / full",London,United Kingdom,9 months
https://www.bachelorsportal.com/studies/292219/management.html?ref=search_card,Management (Online)GBSB Global Business School,N/A,,"1,545,779 NPR / year",Barcelona,Spain,3 years
https://www.bachelorsportal.com/studies/329207/bachelor-of-design.html?ref=search_card,Bachelor of DesignBachelor of DesignCurtin University,Bachelor,Provided by university,"3,541,245 NPR / year",Perth,Australia,3 years
https://www.bachelorsportal.com/studies/455173/engineering.html?ref=search_card,Engineering (Hons)Engineering (Hons)University of Canterbury,N/A,Provided by university,"4,106,368 NPR / year",Christchurch,New Zealand,4 years
https://www.bachelorsportal.com/studies/254217/biomedical-engineering.html?ref=search_card,Biomedical Engineering (Hons)Biomedical Engineering (Hons)University of Bradford,N/A,Provided by university,"3,378,619 NPR / year",Bradford,United Kingdom,3 years
https://www.bachelorsportal.com/studies/70111/undergraduate-foundation-programme-business-economics-finance-and-management.html?ref=search_card,"Undergraduate Foundation Programme - Business, Economics, Finance and ManagementUndergraduate Foundation Programme - Business, Economics, Finance and ManagementBirkbeck, University of London",N/A,,"4,626,847 NPR / full",London,United Kingdom,9 months
https://www.bachelorsportal.com/studies/490468/journalism-and-mass-communication-3-continent.html?ref=search_card,Journalism and Mass Communication - 3 ContinentAmity University Noida,N/A,,"880,320 NPR / year",Noida,India,3 years
https://www.bachelorsportal.com/studies/246301/computer-engineering.html?ref=search_card,Computer EngineeringComputer EngineeringThe University of Maine,N/A,,"1,229 USD/credit Based on the original amount of",Orono,United States,4 years
https://www.bachelorsportal.com/studies/483918/bachelor-of-business.html?ref=search_card,Bachelor of Business (Business Analytics Major)Bachelor of Business (Business Analytics Major)Victoria University,Bachelor,Provided by university,"3,807,123 NPR / year",Melbourne,Australia,3 years
https://www.bachelorsportal.com/studies/473364/contemporary-art-practice.html?ref=search_card,Contemporary Art PracticeContemporary Art PracticeManipal Academy of Higher Education,N/A,Provided by university,"1,855,449 NPR / year",Manipal,India,4 years
https://www.bachelorsportal.com/studies/452482/law-with-business-undergraduate-foundation-programme.html?ref=search_card,Law with Business - Undergraduate Foundation ProgrammeLaw with Business - Undergraduate Foundation ProgrammeQueen Mary University of London,N/A,Provided by university,"4,488,822 NPR / full",London,United Kingdom,9 months
https://www.bachelorsportal.com/studies/490061/criminal-law-policy-and-practice-undergraduate-foundation-programme.html?ref=search_card,"Criminal Law, Policy and Practice - Undergraduate Foundation ProgrammeCriminal Law, Policy and Practice - Undergraduate Foundation ProgrammeBirkbeck, University of London",N/A,,"4,626,847 NPR / full",London,United Kingdom,9 months
https://www.bachelorsportal.com/studies/429232/management-with-human-resources-international-year-one.html?ref=search_card,Management with Human Resources - International Year OneManagement with Human Resources - International Year OneRoyal Holloway University of London,N/A,,"4,488,822 NPR / full",London,United Kingdom,9 months
https://www.bachelorsportal.com/studies/450897/university-of-london-international-foundation-programme.html?ref=search_card,University of London International Foundation ProgrammeUniversity of London International Foundation ProgrammeRoyal Veterinary College,N/A,,"4,734,867 NPR / full",London,United Kingdom,9 months
https://www.bachelorsportal.com/studies/491728/energy-engineering-undergraduate-foundation-programme.html?ref=search_card,Energy Engineering - Undergraduate Foundation ProgrammeEnergy Engineering - Undergraduate Foundation ProgrammeThe University of Lancashire,N/A,Provided by university,"3,912,716 NPR / full",Preston,United Kingdom,9 months
https://www.bachelorsportal.com/studies/491871/clinical-psychology-with-research.html?ref=search_card,Clinical Psychology with Research (Honours)Amity University Noida,N/A,,"574,122 NPR / year",Noida,India,4 years
https://www.bachelorsportal.com/studies/303294/modern-languages-undergraduate-foundation-programme.html?ref=search_card,"Modern Languages (French, German, Japanese, Portuguese, Spanish) - Undergraduate Foundation ProgrammeModern Languages (French, German, Japanese, Portuguese, Spanish) - Undergraduate Foundation ProgrammeBirkbeck, University of London",N/A,,"4,626,847 NPR / full",London,United Kingdom,9 months
https://www.bachelorsportal.com/studies/452527/chemical-engineering-undergraduate-foundation-programme.html?ref=search_card,Chemical Engineering - Undergraduate Foundation ProgrammeChemical Engineering - Undergraduate Foundation ProgrammeQueen Mary University of London,N/A,Provided by university,"4,596,842 NPR / full",London,United Kingdom,9 months
https://www.bachelorsportal.com/studies/492268/business-management-undergraduate-foundation-programme.html?ref=search_card,"Business Management (Human Resource Management) - Undergraduate Foundation ProgrammeBusiness Management (Human Resource Management) - Undergraduate Foundation ProgrammeBirkbeck, University of London",N/A,,"4,626,847 NPR / full",London,United Kingdom,9 months
https://www.bachelorsportal.com/studies/425321/international-relations-and-chinese-undergraduate-foundation-programme.html?ref=search_card,"International Relations and Chinese - Undergraduate Foundation ProgrammeInternational Relations and Chinese - Undergraduate Foundation ProgrammeGoldsmiths, University of London",N/A,,"4,488,822 NPR / full",London,United Kingdom,9 months
https://www.bachelorsportal.com/studies/474472/bpharm-lateral-entry.html?ref=search_card,BPharm Lateral EntryBPharm Lateral EntryManipal Academy of Higher Education,N/A,Provided by university,"1,884,320 NPR / year",Manipal,India,3 years
https://www.bachelorsportal.com/studies/460895/computer-science-and-engineering-data-science.html?ref=search_card,Computer Science and Engineering - Data ScienceComputer Science and Engineering - Data ScienceManipal Academy of Higher Education,N/A,Provided by university,"1,987,711 NPR / year",Bangalore,India,4 years
https://www.bachelorsportal.com/studies/419083/business-administration-and-liberal-arts.html?ref=search_card,Business Administration and Liberal ArtsThe Hebrew University of Jerusalem,N/A,Provided by university,"2,342,929 NPR / year",Jerusalem,Israel,3 years
https://www.bachelorsportal.com/studies/344236/business-administration-and-digital-innovation.html?ref=search_card,Business Administration and Digital InnovationGBSB Global Business School,N/A,,"2,414,194 NPR / year",Madrid,Spain,3 years
https://www.bachelorsportal.com/studies/97217/mathematics-and-its-applications.html?ref=search_card,Mathematics and Its Applications (Hons)Mathematics and Its Applications (Hons)Toronto Metropolitan University,N/A,Provided by university,"4,002,874 NPR / year",Toronto,Canada,4 years
https://www.bachelorsportal.com/studies/489772/undergraduate-foundation-programme.html?ref=search_card,"Undergraduate Foundation ProgrammeUndergraduate Foundation ProgrammeGoldsmiths, University of London",N/A,,"4,488,822 NPR / full",London,United Kingdom,9 months
https://www.bachelorsportal.com/studies/492272/theatre-studies-undergraduate-foundation-programme.html?ref=search_card,"Theatre Studies - Undergraduate Foundation ProgrammeTheatre Studies - Undergraduate Foundation ProgrammeBirkbeck, University of London",N/A,,"4,626,847 NPR / full",London,United Kingdom,9 months
https://www.bachelorsportal.com/studies/487942/law-and-politics-undergraduate-foundation-programme.html?ref=search_card,Law and Politics - Undergraduate Foundation ProgrammeLaw and Politics - Undergraduate Foundation ProgrammeQueen Mary University of London,N/A,Provided by university,"4,488,822 NPR / full",London,United Kingdom,9 months
https://www.bachelorsportal.com/studies/303366/english-literature-undergraduate-foundation-programme.html?ref=search_card,English Literature - Undergraduate Foundation ProgrammeEnglish Literature - Undergraduate Foundation ProgrammeThe University of Lancashire,N/A,Provided by university,"3,498,641 NPR / full",Preston,United Kingdom,9 months
https://www.bachelorsportal.com/studies/492276/environmental-science-undergraduate-foundation-programme.html?ref=search_card,"Environmental Science - Undergraduate Foundation ProgrammeEnvironmental Science - Undergraduate Foundation ProgrammeBirkbeck, University of London",N/A,,"4,734,867 NPR / full",London,United Kingdom,9 months
https://www.bachelorsportal.com/studies/320018/painting.html?ref=search_card,PaintingPaintingUniversity of Canterbury,N/A,Provided by university,"3,499,283 NPR / year",Christchurch,New Zealand,4 years
https://www.bachelorsportal.com/studies/320118/youth-and-community-leadership.html?ref=search_card,Youth and Community LeadershipYouth and Community LeadershipUniversity of Canterbury,N/A,Provided by university,"3,071,338 NPR / year",Christchurch,New Zealand,3 years
https://www.bachelorsportal.com/studies/292678/creative-computing.html?ref=search_card,Creative ComputingCreative ComputingUSTP – University of Applied Sciences St. Pölten,N/A,,"521,049 NPR / year",Sankt Pölten,Austria,3 years
https://www.bachelorsportal.com/studies/482326/smart-cities-and-real-estate.html?ref=search_card,Smart Cities and Real EstateGBSB Global Business School,N/A,,"2,414,194 NPR / year",Birkirkara,Malta,3 years
https://www.bachelorsportal.com/studies/284978/healthcare-science-undergraduate-foundation-programme.html?ref=search_card,Healthcare Science - Undergraduate Foundation ProgrammeHealthcare Science - Undergraduate Foundation ProgrammeThe University of Lancashire,N/A,Provided by university,"3,912,716 NPR / full",Preston,United Kingdom,9 months
https://www.bachelorsportal.com/studies/98150/electrical-engineering-technology.html?ref=search_card,Electrical Engineering TechnologyElectrical Engineering TechnologyThe University of Maine,N/A,,"1,229 USD/credit Based on the original amount of",Orono,United States,4 years
https://www.bachelorsportal.com/studies/425879/psychology-with-clinical-psychology-undergraduate-foundation-programme.html?ref=search_card,"Psychology with Clinical Psychology - Undergraduate Foundation ProgrammePsychology with Clinical Psychology - Undergraduate Foundation ProgrammeGoldsmiths, University of London",N/A,,"4,596,842 NPR / full",London,United Kingdom,9 months
https://www.bachelorsportal.com/studies/180799/dental-surgery.html?ref=search_card,Dental SurgeryDental SurgeryManipal Academy of Higher Education,N/A,Provided by university,"1,517,613 NPR / year",Manipal,India,5 years
https://www.bachelorsportal.com/studies/320119/tourism-marketing-and-management.html?ref=search_card,Tourism Marketing and ManagementTourism Marketing and ManagementUniversity of Canterbury,N/A,Provided by university,"3,281,633 NPR / year",Christchurch,New Zealand,3 years
https://www.bachelorsportal.com/studies/427532/european-and-international-studies-undergraduate-foundation-programme.html?ref=search_card,European and International Studies (French) - Undergraduate Foundation ProgrammeEuropean and International Studies (French) - Undergraduate Foundation ProgrammeRoyal Holloway University of London,N/A,,"4,488,822 NPR / full",London,United Kingdom,9 months
https://www.bachelorsportal.com/studies/462719/logistics-and-supply-chain-management.html?ref=search_card,Logistics and Supply Chain ManagementLogistics and Supply Chain ManagementManipal Academy of Higher Education,N/A,Provided by university,"856,454 NPR / year",Manipal,India,3 years
https://www.bachelorsportal.com/studies/320102/sustainable-coasts.html?ref=search_card,Sustainable Coasts (Hons)Sustainable Coasts (Hons)University of Canterbury,N/A,Provided by university,"3,630,825 NPR / year",Christchurch,New Zealand,4 years
https://www.bachelorsportal.com/studies/103197/human-services.html?ref=search_card,Human ServicesHuman ServicesUniversity of Canterbury,N/A,Provided by university,"3,018,548 NPR / year",Christchurch,New Zealand,3 years
https://www.bachelorsportal.com/studies/490078/business-analytics-undergraduate-foundation-programme.html?ref=search_card,"Business Analytics - Undergraduate Foundation ProgrammeBusiness Analytics - Undergraduate Foundation ProgrammeBirkbeck, University of London",N/A,,"4,626,847 NPR / full",London,United Kingdom,9 months
https://www.bachelorsportal.com/studies/180828/biotechnology.html?ref=search_card,BiotechnologyBiotechnologyManipal Academy of Higher Education,N/A,Provided by university,"1,367,968 NPR / year",Manipal,India,4 years
https://www.bachelorsportal.com/studies/303295/philosophy-undergraduate-foundation-programme.html?ref=search_card,"Philosophy - Undergraduate Foundation ProgrammePhilosophy - Undergraduate Foundation ProgrammeBirkbeck, University of London",N/A,,"4,626,847 NPR / full",London,United Kingdom,9 months
https://www.bachelorsportal.com/studies/91550/economics.html?ref=search_card,EconomicsThe University of Sydney,N/A,Provided by university,"5,824,484 NPR / year",Sydney,Australia,3 years
https://www.bachelorsportal.com/studies/303237/accounting-undergraduate-foundation-programme.html?ref=search_card,"Accounting - Undergraduate Foundation ProgrammeAccounting - Undergraduate Foundation ProgrammeBirkbeck, University of London",N/A,,"4,626,847 NPR / full",London,United Kingdom,9 months
https://www.bachelorsportal.com/studies/137776/business.html?ref=search_card,BusinessBusinessTrent University,N/A,,"3,587,311 NPR / year",Peterborough,Canada,4 years
https://www.bachelorsportal.com/studies/450719/radiotherapy-and-oncology-undergraduate-foundation-programme.html?ref=search_card,"Radiotherapy and Oncology - Undergraduate Foundation ProgrammeRadiotherapy and Oncology - Undergraduate Foundation ProgrammeCity St George's, University of London",N/A,,"4,596,842 NPR / full",London,United Kingdom,9 months
https://www.bachelorsportal.com/studies/486147/risk-threat-and-crime-analysis.html?ref=search_card,"Risk, Threat, and Crime Analysis (Honours)Risk, Threat, and Crime Analysis (Honours)Conestoga College",N/A,,"1,787,512 NPR / year",Kitchener,Canada,4 years
https://www.bachelorsportal.com/studies/284973/forensic-psychology-undergraduate-foundation-programme.html?ref=search_card,Forensic Psychology - Undergraduate Foundation ProgrammeForensic Psychology - Undergraduate Foundation ProgrammeThe University of Lancashire,N/A,Provided by university,"3,912,716 NPR / full",Preston,United Kingdom,9 months
https://www.bachelorsportal.com/studies/421803/modern-languages-for-international-business-undergraduate-foundation-programme.html?ref=search_card,Modern Languages for International Business - Undergraduate Foundation ProgrammeModern Languages for International Business - Undergraduate Foundation ProgrammeThe University of Lancashire,N/A,Provided by university,"3,498,641 NPR / full",Preston,United Kingdom,9 months
https://www.bachelorsportal.com/studies/492271/psychological-studies-with-counselling-undergraduate-foundation-programme.html?ref=search_card,"Psychological Studies with Counselling - Undergraduate Foundation ProgrammePsychological Studies with Counselling - Undergraduate Foundation ProgrammeBirkbeck, University of London",N/A,,"4,626,847 NPR / full",London,United Kingdom,9 months
https://www.bachelorsportal.com/studies/491870/clinical-psychology.html?ref=search_card,Clinical Psychology (Honours)Amity University Noida,N/A,,"574,122 NPR / year",Noida,India,4 years
https://www.bachelorsportal.com/studies/473358/creative-manufacturing.html?ref=search_card,Creative ManufacturingCreative ManufacturingManipal Academy of Higher Education,N/A,Provided by university,"1,123,548 NPR / year",Manipal,India,3 years
https://www.bachelorsportal.com/studies/294947/global-bachelor-of-business-administration.html?ref=search_card,Global Bachelor of Business Administrationemlyon business school,Bachelor,,"2,622,613 NPR / year",Lyon,France,4 years
https://www.bachelorsportal.com/studies/455313/water-science-and-management.html?ref=search_card,Water Science and ManagementWater Science and ManagementUniversity of Canterbury,N/A,Provided by university,"3,728,184 NPR / year",Christchurch,New Zealand,3 years
https://www.bachelorsportal.com/studies/186130/ceils-comparative-european-and-international-legal-studies.html?ref=search_card,"CEILS - Comparative, European and International Legal StudiesUniversity of Trento",N/A,,"781,574 NPR / year",Trento,Italy,3 years
https://www.bachelorsportal.com/studies/386930/business-administration-accounting-concentration.html?ref=search_card,Business Administration-Accounting ConcentrationBusiness Administration-Accounting ConcentrationNew England College,N/A,Provided by university,"6,505,785 NPR / year",Henniker,United States,4 years
https://www.bachelorsportal.com/studies/488166/creative-media-production.html?ref=search_card,Creative Media ProductionCreative Media ProductionUSTP – University of Applied Sciences St. Pölten,N/A,,"521,049 NPR / year",Sankt Pölten,Austria,3 years
https://www.bachelorsportal.com/studies/492447/computer-science-and-engineering.html?ref=search_card,Computer Science and EngineeringAmity University Noida,N/A,,"1,047,772 NPR / year",Noida,India,4 years
https://www.bachelorsportal.com/studies/382140/commerce.html?ref=search_card,www.bachelorsportal.com,Bachelor,N/A,N/A,N/A,N/A,N/A
https://www.bachelorsportal.com/studies/426967/management-with-human-resources-undergraduate-foundation-programme.html?ref=search_card,www.bachelorsportal.com,Bachelor,N/A,N/A,N/A,N/A,N/A
https://www.bachelorsportal.com/studies/427006/mathematics-with-french-undergraduate-foundation-programme.html?ref=search_card,www.bachelorsportal.com,Bachelor,N/A,N/A,N/A,N/A,N/A
https://www.bachelorsportal.com/studies/320069/public-health.html?ref=search_card,Public HealthPublic HealthUniversity of Canterbury,N/A,Provided by university,"3,632,556 NPR / year",Christchurch,New Zealand,3 years
https://www.bachelorsportal.com/studies/492380/aerospace-engineering.html?ref=search_card,Aerospace EngineeringAmity University Noida,N/A,,"693,730 NPR / year",Noida,India,4 years
https://www.bachelorsportal.com/studies/492508/history.html?ref=search_card,History (Honours - Honours with Research)Amity University Noida,N/A,,"344,473 NPR / year",Noida,India,4 years
https://www.bachelorsportal.com/studies/284966/biomedical-science-undergraduate-foundation-programme.html?ref=search_card,Biomedical Science - Undergraduate Foundation ProgrammeBiomedical Science - Undergraduate Foundation ProgrammeThe University of Lancashire,N/A,Provided by university,"3,912,716 NPR / full",Preston,United Kingdom,9 months
https://www.bachelorsportal.com/studies/425326/politics-undergraduate-foundation-programme.html?ref=search_card,"Politics - Undergraduate Foundation ProgrammePolitics - Undergraduate Foundation ProgrammeGoldsmiths, University of London",N/A,,"4,488,822 NPR / full",London,United Kingdom,9 months
https://www.bachelorsportal.com/studies/97000/environmental-and-urban-sustainability.html?ref=search_card,Environmental and Urban Sustainability (Hons)Environmental and Urban Sustainability (Hons)Toronto Metropolitan University,N/A,Provided by university,"4,003,201 NPR / year",Toronto,Canada,5 years
https://www.bachelorsportal.com/studies/421903/clinical-psychology-undergraduate-foundation-programme.html?ref=search_card,Clinical Psychology - Undergraduate Foundation ProgrammeClinical Psychology - Undergraduate Foundation ProgrammeThe University of Lancashire,N/A,Provided by university,"3,912,716 NPR / full",Preston,United Kingdom,9 months
https://www.bachelorsportal.com/studies/483917/bachelor-of-business.html?ref=search_card,Bachelor of Business (Banking and Finance Major)Bachelor of Business (Banking and Finance Major)Victoria University,Bachelor,Provided by university,"3,807,123 NPR / year",Melbourne,Australia,3 years
https://www.bachelorsportal.com/studies/452608/neuroscience-undergraduate-foundation-programme.html?ref=search_card,Neuroscience - Undergraduate Foundation ProgrammeNeuroscience - Undergraduate Foundation ProgrammeQueen Mary University of London,N/A,Provided by university,"4,596,842 NPR / full",London,United Kingdom,9 months
https://www.bachelorsportal.com/studies/344237/business-administration-and-digital-innovation.html?ref=search_card,Business Administration and Digital Innovation (Online)GBSB Global Business School,N/A,,"1,545,779 NPR / year",Barcelona,Spain,3 years
https://www.bachelorsportal.com/studies/455285/neuroscience-and-cognition.html?ref=search_card,Neuroscience and CognitionNeuroscience and CognitionUniversity of Canterbury,N/A,Provided by university,"3,575,872 NPR / year",Christchurch,New Zealand,3 years
https://www.bachelorsportal.com/studies/426978/electronic-engineering-undergraduate-foundation-programme.html?ref=search_card,Electronic Engineering - Undergraduate Foundation ProgrammeElectronic Engineering - Undergraduate Foundation ProgrammeRoyal Holloway University of London,N/A,,"4,596,842 NPR / full",London,United Kingdom,9 months
https://www.bachelorsportal.com/studies/484765/applied-psychology-international.html?ref=search_card,Applied Psychology (Honours) - InternationalAmity University Noida,N/A,,"679,377 NPR / year",Noida,India,3 years
https://www.bachelorsportal.com/studies/427548/politics-and-international-relations-and-philosophy-undergraduate-foundation-programme.html?ref=search_card,Politics and International Relations and Philosophy - Undergraduate Foundation ProgrammePolitics and International Relations and Philosophy - Undergraduate Foundation ProgrammeRoyal Holloway University of London,N/A,,"4,488,822 NPR / full",London,United Kingdom,9 months
https://www.bachelorsportal.com/studies/483922/bachelor-of-business.html?ref=search_card,Bachelor of Business (Information Systems Management Major)Bachelor of Business (Information Systems Management Major)Victoria University,Bachelor,Provided by university,"3,807,123 NPR / year",Melbourne,Australia,3 years
https://www.bachelorsportal.com/studies/490101/mathematics-with-economics-undergraduate-foundation-programme.html?ref=search_card,"Mathematics with Economics - Undergraduate Foundation ProgrammeMathematics with Economics - Undergraduate Foundation ProgrammeBirkbeck, University of London",N/A,,"4,626,847 NPR / full",London,United Kingdom,9 months
https://www.bachelorsportal.com/studies/455296/psychology-for-common-good.html?ref=search_card,Psychology for Common GoodPsychology for Common GoodUniversity of Canterbury,N/A,Provided by university,"3,575,872 NPR / year",Christchurch,New Zealand,3 years
https://www.bachelorsportal.com/studies/97012/financial-mathematics.html?ref=search_card,Financial Mathematics (Hons)Financial Mathematics (Hons)Toronto Metropolitan University,N/A,Provided by university,"4,002,874 NPR / year",Toronto,Canada,4 years
https://www.bachelorsportal.com/studies/492429/bioinformatics.html?ref=search_card,BioinformaticsAmity University Noida,N/A,,"692,135 NPR / year",Noida,India,4 years
https://www.bachelorsportal.com/studies/98135/mechanical-engineering.html?ref=search_card,Mechanical EngineeringMechanical EngineeringThe University of Maine,N/A,,"1,229 USD/credit Based on the original amount of",Orono,United States,4 years
https://www.bachelorsportal.com/studies/284956/children-schools-and-families-undergraduate-foundation-programme.html?ref=search_card,"Children, Schools and Families - Undergraduate Foundation ProgrammeChildren, Schools and Families - Undergraduate Foundation ProgrammeThe University of Lancashire",N/A,Provided by university,"3,498,641 NPR / full",Preston,United Kingdom,9 months
https://www.bachelorsportal.com/studies/497689/management-entrepreneurship-and-innovation.html?ref=search_card,"Management, Entrepreneurship and InnovationManagement, Entrepreneurship and InnovationNewcastle University",N/A,Provided by university,"5,150,943 NPR / year",Newcastle upon Tyne,United Kingdom,4 years
https://www.bachelorsportal.com/studies/103633/health.html?ref=search_card,HealthHealthUniversity of Canterbury,N/A,Provided by university,"3,632,556 NPR / year",Christchurch,New Zealand,3 years
https://www.bachelorsportal.com/studies/455179/global-societies-and-cultures.html?ref=search_card,Global Societies and CulturesGlobal Societies and CulturesUniversity of Canterbury,N/A,Provided by university,"3,018,548 NPR / year",Christchurch,New Zealand,3 years
https://www.bachelorsportal.com/studies/428478/law-with-sociology-undergraduate-foundation-programme.html?ref=search_card,Law with Sociology - Undergraduate Foundation ProgrammeLaw with Sociology - Undergraduate Foundation ProgrammeRoyal Holloway University of London,N/A,,"4,488,822 NPR / full",London,United Kingdom,9 months
https://www.bachelorsportal.com/studies/425303/anthropology-and-sociology-undergraduate-foundation-programme.html?ref=search_card,"Anthropology and Sociology - Undergraduate Foundation ProgrammeAnthropology and Sociology - Undergraduate Foundation ProgrammeGoldsmiths, University of London",N/A,,"4,488,822 NPR / full",London,United Kingdom,9 months
https://www.bachelorsportal.com/studies/319963/computer-engineering.html?ref=search_card,Computer Engineering (Hons)Computer Engineering (Hons)University of Canterbury,N/A,Provided by university,"4,106,368 NPR / year",Christchurch,New Zealand,4 years
https://www.bachelorsportal.com/studies/103063/education.html?ref=search_card,EducationEducationUniversity of Canterbury,N/A,Provided by university,"3,018,548 NPR / year",Christchurch,New Zealand,3 years
https://www.bachelorsportal.com/studies/369205/llb.html?ref=search_card,LLB (Hons)LLB (Hons)Manipal Academy of Higher Education,N/A,Provided by university,"314,406 NPR / year",Bangalore,India,5 years
https://www.bachelorsportal.com/studies/303364/criminology-and-sociology-undergraduate-foundation-programme.html?ref=search_card,Criminology and Sociology - Undergraduate Foundation ProgrammeCriminology and Sociology - Undergraduate Foundation ProgrammeThe University of Lancashire,N/A,Provided by university,"3,498,641 NPR / full",Preston,United Kingdom,9 months
https://www.bachelorsportal.com/studies/452605/environmental-science-undergraduate-foundation-programme.html?ref=search_card,Environmental Science - Undergraduate Foundation ProgrammeEnvironmental Science - Undergraduate Foundation ProgrammeQueen Mary University of London,N/A,Provided by university,"4,596,842 NPR / full",London,United Kingdom,9 months
https://www.bachelorsportal.com/studies/284923/robotics-engineering-undergraduate-foundation-programme.html?ref=search_card,Robotics Engineering - Undergraduate Foundation ProgrammeRobotics Engineering - Undergraduate Foundation ProgrammeThe University of Lancashire,N/A,Provided by university,"3,912,716 NPR / full",Preston,United Kingdom,9 months
https://www.bachelorsportal.com/studies/425307/curating-undergraduate-foundation-programme.html?ref=search_card,"Curating - Undergraduate Foundation ProgrammeCurating - Undergraduate Foundation ProgrammeGoldsmiths, University of London",N/A,,"4,488,822 NPR / full",London,United Kingdom,9 months
https://www.bachelorsportal.com/studies/425304/anthropology-and-visual-practice-undergraduate-foundation-programme.html?ref=search_card,"Anthropology and Visual Practice - Undergraduate Foundation ProgrammeAnthropology and Visual Practice - Undergraduate Foundation ProgrammeGoldsmiths, University of London",N/A,,"4,488,822 NPR / full",London,United Kingdom,9 months
https://www.bachelorsportal.com/studies/452572/physics-undergraduate-foundation-programme.html?ref=search_card,Physics - Undergraduate Foundation ProgrammePhysics - Undergraduate Foundation ProgrammeQueen Mary University of London,N/A,Provided by university,"4,596,842 NPR / full",London,United Kingdom,9 months
https://www.bachelorsportal.com/studies/429025/management-with-accounting-international-year-one.html?ref=search_card,Management with Accounting - International Year OneManagement with Accounting - International Year OneRoyal Holloway University of London,N/A,,"4,488,822 NPR / full",London,United Kingdom,9 months
https://www.bachelorsportal.com/studies/452480/global-law-undergraduate-foundation-programme.html?ref=search_card,Global Law - Undergraduate Foundation ProgrammeGlobal Law - Undergraduate Foundation ProgrammeQueen Mary University of London,N/A,Provided by university,"4,488,822 NPR / full",London,United Kingdom,9 months
https://www.bachelorsportal.com/studies/103708/biological-sciences.html?ref=search_card,Biological SciencesBiological SciencesUniversity of Canterbury,N/A,Provided by university,"3,728,184 NPR / year",Christchurch,New Zealand,3 years
https://www.bachelorsportal.com/studies/21025/business-and-management.html?ref=search_card,Business and ManagementBusiness and ManagementBrunel University of London,N/A,Provided by university,"4,464,817 NPR / year",London,United Kingdom,3 years
https://www.bachelorsportal.com/studies/452727/global-law-university-of-london-international-foundation-programme.html?ref=search_card,"Global Law - University of London International Foundation ProgrammeGlobal Law - University of London International Foundation ProgrammeCity St George's, University of London",N/A,,"4,734,867 NPR / full",London,United Kingdom,9 months
https://www.bachelorsportal.com/studies/453802/business-administration-in-global-hospitality-management.html?ref=search_card,Business Administration in Global Hospitality ManagementAsian Institute of Hospitality and Management (AIHM),N/A,,"1,907,749 NPR / year",Bangkok,Thailand,3½ years
https://www.bachelorsportal.com/studies/103172/history.html?ref=search_card,HistoryHistoryUniversity of Canterbury,N/A,Provided by university,"3,018,548 NPR / year",Christchurch,New Zealand,3 years
https://www.bachelorsportal.com/studies/452456/undergraduate-foundation-programme-business-economics-finance-and-management.html?ref=search_card,"Undergraduate Foundation Programme - Business, Economics, Finance and ManagementUndergraduate Foundation Programme - Business, Economics, Finance and ManagementQueen Mary University of London",N/A,Provided by university,"4,488,822 NPR / full",London,United Kingdom,9 months
https://www.bachelorsportal.com/studies/428474/law-undergraduate-foundation-programme.html?ref=search_card,Law - Undergraduate Foundation ProgrammeLaw - Undergraduate Foundation ProgrammeRoyal Holloway University of London,N/A,,"4,488,822 NPR / full",London,United Kingdom,9 months
https://www.bachelorsportal.com/studies/425300/games-programming-undergraduate-foundation-programme.html?ref=search_card,"Games Programming - Undergraduate Foundation ProgrammeGames Programming - Undergraduate Foundation ProgrammeGoldsmiths, University of London",N/A,,"4,596,842 NPR / full",London,United Kingdom,9 months
https://www.bachelorsportal.com/studies/468505/sports-business-management.html?ref=search_card,Sports Business ManagementSports Business ManagementLes Roches,N/A,,"6,831,647 NPR / year",Marbella,Spain,4 years
https://www.bachelorsportal.com/studies/492441/biotechnology.html?ref=search_card,BiotechnologyAmity University Noida,N/A,,"909,026 NPR / year",Noida,India,4 years
https://www.bachelorsportal.com/studies/428477/law-with-politics-undergraduate-foundation-programme.html?ref=search_card,Law with Politics - Undergraduate Foundation ProgrammeLaw with Politics - Undergraduate Foundation ProgrammeRoyal Holloway University of London,N/A,,"4,488,822 NPR / full",London,United Kingdom,9 months
https://www.bachelorsportal.com/studies/338348/finance-and-business-analytics.html?ref=search_card,Finance and Business Analytics (Hons)Finance and Business Analytics (Hons)University of Bradford,N/A,Provided by university,"3,220,590 NPR / year",Bradford,United Kingdom,3 years
https://www.bachelorsportal.com/studies/455181/indigenous-knowledge-and-sustainable-partnerships.html?ref=search_card,Indigenous Knowledge and Sustainable PartnershipsIndigenous Knowledge and Sustainable PartnershipsUniversity of Canterbury,N/A,Provided by university,"3,146,196 NPR / year",Christchurch,New Zealand,3 years
https://www.bachelorsportal.com/studies/492454/defence-technology.html?ref=search_card,Defence TechnologyAmity University Noida,N/A,,"621,965 NPR / year",Noida,India,4 years
https://www.bachelorsportal.com/studies/452681/law-and-politics-university-of-london-international-foundation-programme.html?ref=search_card,"Law and Politics - University of London International Foundation ProgrammeLaw and Politics - University of London International Foundation ProgrammeBirkbeck, University of London",N/A,,"4,734,867 NPR / full",London,United Kingdom,9 months
https://www.bachelorsportal.com/studies/474501/electronics-and-communication-engineering.html?ref=search_card,Electronics and Communication EngineeringElectronics and Communication EngineeringManipal Academy of Higher Education,N/A,Provided by university,"1,836,554 NPR / year",Manipal,India,4 years
https://www.bachelorsportal.com/studies/483919/bachelor-of-business.html?ref=search_card,Bachelor of Business (Event Management Major)Bachelor of Business (Event Management Major)Victoria University,Bachelor,Provided by university,"3,807,123 NPR / year",Melbourne,Australia,3 years
https://www.bachelorsportal.com/studies/490473/biotechnology-3-continent.html?ref=search_card,Biotechnology - 3 ContinentAmity University Noida,N/A,,"921,784 NPR / year",Noida,India,4 years
https://www.bachelorsportal.com/studies/285012/medicine-and-surgery-undergraduate-foundation-programme.html?ref=search_card,Medicine and Surgery - Undergraduate Foundation ProgrammeMedicine and Surgery - Undergraduate Foundation ProgrammeThe University of Lancashire,N/A,Provided by university,"3,912,716 NPR / full",Preston,United Kingdom,9 months
https://www.bachelorsportal.com/studies/382139/digital-screen.html?ref=search_card,Digital Screen (Hons)Digital Screen (Hons)University of Canterbury,N/A,Provided by university,"4,184,255 NPR / year",Christchurch,New Zealand,4 years
https://www.bachelorsportal.com/studies/492348/mathematics.html?ref=search_card,Mathematics (Honours - Honours with Research)Amity University Noida,N/A,,"330,120 NPR / year",Noida,India,4 years
https://www.bachelorsportal.com/studies/427100/physical-geography-undergraduate-foundation-programme.html?ref=search_card,Physical Geography - Undergraduate Foundation ProgrammePhysical Geography - Undergraduate Foundation ProgrammeRoyal Holloway University of London,N/A,,"4,596,842 NPR / full",London,United Kingdom,9 months
https://www.bachelorsportal.com/studies/492504/german.html?ref=search_card,German (Honours)Amity University Noida,N/A,,"224,864 NPR / year",Noida,India,3 years
https://www.bachelorsportal.com/studies/490089/environment-culture-and-communication-undergraduate-foundation-programme.html?ref=search_card,"Environment, Culture and Communication - Undergraduate Foundation ProgrammeEnvironment, Culture and Communication - Undergraduate Foundation ProgrammeBirkbeck, University of London",N/A,,"4,626,847 NPR / full",London,United Kingdom,9 months
https://www.bachelorsportal.com/studies/59005/undergraduate-foundation-programme-life-sciences.html?ref=search_card,Undergraduate Foundation Programme – Life SciencesUndergraduate Foundation Programme – Life SciencesThe University of Lancashire,N/A,Provided by university,"3,912,716 NPR / full",Preston,United Kingdom,9 months
https://www.bachelorsportal.com/studies/303363/criminology-and-criminal-justice-undergraduate-foundation-programme.html?ref=search_card,Criminology and Criminal Justice - Undergraduate Foundation ProgrammeCriminology and Criminal Justice - Undergraduate Foundation ProgrammeThe University of Lancashire,N/A,Provided by university,"3,498,641 NPR / full",Preston,United Kingdom,9 months
https://www.bachelorsportal.com/studies/103470/human-resource-management.html?ref=search_card,Human Resource ManagementHuman Resource ManagementUniversity of Canterbury,N/A,Provided by university,"3,281,633 NPR / year",Christchurch,New Zealand,3 years
https://www.bachelorsportal.com/studies/421912/nursing-with-registered-nurse-undergraduate-foundation-programme.html?ref=search_card,Nursing with Registered Nurse (Adult) - Undergraduate Foundation ProgrammeNursing with Registered Nurse (Adult) - Undergraduate Foundation ProgrammeThe University of Lancashire,N/A,Provided by university,"3,912,716 NPR / full",Preston,United Kingdom,9 months
https://www.bachelorsportal.com/studies/346510/biomedical-engineering.html?ref=search_card,Biomedical EngineeringBiomedical EngineeringThe University of Maine,N/A,,"1,229 USD/credit Based on the original amount of",Orono,United States,4 years
https://www.bachelorsportal.com/studies/422416/physiotherapy-medicine-undergraduate-foundation-programme.html?ref=search_card,Physiotherapy - Medicine Undergraduate Foundation ProgrammePhysiotherapy - Medicine Undergraduate Foundation ProgrammeRoyal College of Surgeons in Ireland,N/A,,"5,791,060 NPR / full",Dublin,Ireland,9 months
https://www.bachelorsportal.com/studies/321123/education.html?ref=search_card,EducationEducationUniversity of Tasmania,N/A,Provided by university,"3,719,186 NPR / year",Hobart,Australia,3 years
https://www.bachelorsportal.com/studies/463742/hospitality-and-services-management.html?ref=search_card,Hospitality and Services ManagementHospitality and Services ManagementManipal Academy of Higher Education,N/A,Provided by university,"1,158,767 NPR / year",Manipal,India,3 years
https://www.bachelorsportal.com/studies/180755/exercise-and-sports-science.html?ref=search_card,Exercise and Sports ScienceExercise and Sports ScienceManipal Academy of Higher Education,N/A,Provided by university,"493,678 NPR / year",Manipal,India,3 years
https://www.bachelorsportal.com/studies/282947/business-and-management.html?ref=search_card,Business and Management (with Foundation Year option) (Hons)Business and Management (with Foundation Year option) (Hons)Bournemouth University,N/A,Provided by university,"3,927,719 NPR / year",Bournemouth,United Kingdom,1 year
https://www.bachelorsportal.com/studies/490073/theatre-studies-and-english-undergraduate-foundation-programme.html?ref=search_card,"Theatre Studies and English - Undergraduate Foundation ProgrammeTheatre Studies and English - Undergraduate Foundation ProgrammeBirkbeck, University of London",N/A,,"4,626,847 NPR / full",London,United Kingdom,9 months
https://www.bachelorsportal.com/studies/92558/liberal-arts-and-science.html?ref=search_card,Liberal Arts and ScienceThe University of Sydney,N/A,Provided by university,"5,824,484 NPR / year",Sydney,Australia,3 years
https://www.bachelorsportal.com/studies/452460/economics-undergraduate-foundation-programme.html?ref=search_card,Economics - Undergraduate Foundation ProgrammeEconomics - Undergraduate Foundation ProgrammeQueen Mary University of London,N/A,Provided by university,"4,488,822 NPR / full",London,United Kingdom,9 months
https://www.bachelorsportal.com/studies/306661/business-administration-accounting-audit-and-information-technology.html?ref=search_card,"Business Administration (Honours) - Accounting, Audit and Information TechnologyBusiness Administration (Honours) - Accounting, Audit and Information TechnologyConestoga College",N/A,,"1,651,818 NPR / year",Kitchener,Canada,4 years
https://www.bachelorsportal.com/studies/425106/economics-undergraduate-foundation-programme.html?ref=search_card,www.bachelorsportal.com,Bachelor,N/A,N/A,N/A,N/A,N/A
https://www.bachelorsportal.com/studies/80508/social-work-with-honours.html?ref=search_card,www.bachelorsportal.com,Bachelor,N/A,N/A,N/A,N/A,N/A
